seed_id,decade,citing_openalex_id,citing_doi,citing_year,citing_type,citing_language,citing_is_oa,citing_oa_url,citing_primary_field,citing_primary_source,citing_title,extraction_attempted,recovery_recommendation
meadows_1972_limits_to_growth,1980s,https://openalex.org/W1991464629,https://doi.org/10.1111/j.1468-2427.1982.tb00384.x,1982,article,en,False,,Social Sciences,International Journal of Urban and Regional Research,World city formation: an agenda for research and action,no,no OA URL and not attempted — library physical/digital lookup required
meadows_1972_limits_to_growth,1980s,https://openalex.org/W1983368572,https://doi.org/10.2307/2233770,1989,article,en,False,,"Economics, Econometrics and Finance",The Economic Journal,The Impact of Exchange Rates and Developing Country Debt on Commodity Prices,no,no OA URL and not attempted — library physical/digital lookup required
meadows_1972_limits_to_growth,1980s,https://openalex.org/W2325464540,https://doi.org/10.1086/jar.41.3.3630596,1985,article,en,False,,Arts and Humanities,Journal of Anthropological Research,The Ancient Maya and the Political Present,no,no OA URL and not attempted — library physical/digital lookup required
meadows_1972_limits_to_growth,1980s,https://openalex.org/W2332514830,https://doi.org/10.2307/2808100,1988,article,en,False,,Energy,Population and Development Review,The Economics of Natural Resources,no,no OA URL and not attempted — library physical/digital lookup required
meadows_1972_limits_to_growth,1980s,https://openalex.org/W2147076119,https://doi.org/10.1177/019251218200300211,1982,article,en,False,,Physics and Astronomy,International Political Science Review,New Political Values for a World in Crisis,no,no OA URL and not attempted — library physical/digital lookup required
meadows_1972_limits_to_growth,1970s,https://openalex.org/W2082412375,https://doi.org/10.1007/bf01536732,1973,article,en,False,,Earth and Planetary Sciences,Human Ecology,Primary production: The biosphere and man,no,no OA URL and not attempted — library physical/digital lookup required
meadows_1972_limits_to_growth,1980s,https://openalex.org/W2396506239,https://doi.org/10.1080/00213624.1987.11504702,1987,article,en,False,,"Economics, Econometrics and Finance",Journal of Economic Issues,Resources Are Not; They Become: An Institutional Theory,no,no OA URL and not attempted — library physical/digital lookup required
meadows_1972_limits_to_growth,1980s,https://openalex.org/W2326095036,https://doi.org/10.1007/bf01059855,1988,article,en,False,,Decision Sciences,Systemic Practice and Action Research,"Systems thinking, systems practice, and practical philosophy: A program of research",no,no OA URL and not attempted — library physical/digital lookup required
meadows_1972_limits_to_growth,1970s,https://openalex.org/W1993424900,https://doi.org/10.1007/bf02137634,1972,article,en,False,,"Business, Management and Accounting",Interchange,Overview of the innovative process and the user,no,no OA URL and not attempted — library physical/digital lookup required
meadows_1972_limits_to_growth,1980s,https://openalex.org/W2042694323,https://doi.org/10.1016/0095-0696(80)90027-3,1980,article,en,True,https://ink.library.smu.edu.sg/cgi/viewcontent.cgi?article=1025&amp;amp;context=sis_research,"Economics, Econometrics and Finance",Journal of Environmental Economics and Management,The role of technological change,yes,had OA URL but extraction yielded 0 — likely PDF parsing limitation; library physical/digital lookup recommended
meadows_1972_limits_to_growth,1970s,https://openalex.org/W2053060642,https://doi.org/10.1007/bf00598126,1975,article,en,False,,Social Sciences,International Review of Education,The necessity of an anthropo-ecological dimension in education. Possibilities for its realisation,no,no OA URL and not attempted — library physical/digital lookup required
meadows_1972_limits_to_growth,1980s,https://openalex.org/W2127544212,https://doi.org/10.1177/0143831x8782002,1987,article,en,True,https://resolver.sub.uni-goettingen.de/purl?gro-2/91894,Social Sciences,Economic and Industrial Democracy,Limits of the Division of Labour. New Production and Employment Concepts in West German Industry,no,"OA URL present, not sampled in this run — extend automated extraction first"
meadows_1972_limits_to_growth,1980s,https://openalex.org/W2046048220,https://doi.org/10.1016/0040-1625(89)90009-7,1989,article,en,False,,Decision Sciences,Technological Forecasting and Social Change,The future of technological forecasting,no,no OA URL and not attempted — library physical/digital lookup required
meadows_1972_limits_to_growth,1970s,https://openalex.org/W2049687102,https://doi.org/10.2190/3j5n-u7tn-ln61-e2e6,1977,review,en,False,,Energy,Journal of Environmental Systems,Recent Energy Models: A Review of Methodologies,no,no OA URL and not attempted — library physical/digital lookup required
meadows_1972_limits_to_growth,1970s,https://openalex.org/W2016991854,https://doi.org/10.1016/0305-0483(73)90084-4,1973,article,en,False,,Social Sciences,Omega,"Operational research, social well-being and the zero growth concept",no,no OA URL and not attempted — library physical/digital lookup required
meadows_1972_limits_to_growth,1970s,https://openalex.org/W2092685557,https://doi.org/10.1007/bf02367199,1973,article,en,False,,"Economics, Econometrics and Finance",De Economist,Pollution in a neo-classical world: The classics rehabilitated?,no,no OA URL and not attempted — library physical/digital lookup required
meadows_1972_limits_to_growth,1980s,https://openalex.org/W414333926,,1989,article,en,False,,Earth and Planetary Sciences,Medical Entomology and Zoology,Gaia futures : the emerging mythology and politics of the earth,no,no OA URL and not attempted — library physical/digital lookup required
meadows_1972_limits_to_growth,1980s,https://openalex.org/W2038291828,https://doi.org/10.1080/01448765.1986.9754470,1986,article,en,False,,Environmental Science,Biological Agriculture & Horticulture,Biological Husbandry and the “Nitrogen Problem”,no,no OA URL and not attempted — library physical/digital lookup required
meadows_1972_limits_to_growth,1970s,https://openalex.org/W1481685930,https://doi.org/10.1016/0016-3287(76)90108-7,1976,article,en,False,,Energy,Futures,Non-renewable resources,no,no OA URL and not attempted — library physical/digital lookup required
meadows_1972_limits_to_growth,1970s,https://openalex.org/W1999040791,https://doi.org/10.1007/bf01531455,1976,article,en,False,,Environmental Science,Human Ecology,Energy and the structure of social institutions,no,no OA URL and not attempted — library physical/digital lookup required
meadows_1972_limits_to_growth,1980s,https://openalex.org/W2041663835,https://doi.org/10.1002/ir.37019833906,1983,article,en,False,,Decision Sciences,New Directions for Institutional Research,Multiple scenario analysis: Introducing uncertainty into the planning process,no,no OA URL and not attempted — library physical/digital lookup required
meadows_1972_limits_to_growth,1980s,https://openalex.org/W2088006599,https://doi.org/10.1016/0167-6245(89)90020-6,1989,article,en,False,,"Economics, Econometrics and Finance",Information Economics and Policy,Knowledge of growth and the growth of knowledge,no,no OA URL and not attempted — library physical/digital lookup required
meadows_1972_limits_to_growth,1970s,https://openalex.org/W1983633503,https://doi.org/10.1086/642931,1973,article,en,False,,"Economics, Econometrics and Finance",Social Service Review,Welfare and the Steady State: An Essay Review,no,no OA URL and not attempted — library physical/digital lookup required
meadows_1972_limits_to_growth,1970s,https://openalex.org/W2066522898,https://doi.org/10.1002/bs.3830190203,1974,article,en,False,,Decision Sciences,Systems Research and Behavioral Science,The entropy of complex dynamic systems,no,no OA URL and not attempted — library physical/digital lookup required
meadows_1972_limits_to_growth,1970s,https://openalex.org/W2080767498,https://doi.org/10.1126/science.187.4180.925,1975,article,en,False,,"Economics, Econometrics and Finance",Science,A Historical Approach to Future Economic Growth,no,no OA URL and not attempted — library physical/digital lookup required
meadows_1972_limits_to_growth,1970s,https://openalex.org/W2034039514,https://doi.org/10.1017/s0003975600003003,1975,article,en,False,,Social Sciences,European Journal of Sociology,On the Rationality of Institutions in Modern Life,no,no OA URL and not attempted — library physical/digital lookup required
meadows_1972_limits_to_growth,1970s,https://openalex.org/W1989684289,https://doi.org/10.1016/0301-4207(77)90014-9,1977,article,en,False,,Computer Science,Resources Policy,Statistical estimation of global mineral resources,no,no OA URL and not attempted — library physical/digital lookup required
meadows_1972_limits_to_growth,1980s,https://openalex.org/W2111538065,https://doi.org/10.2307/2131076,1985,article,en,False,,"Economics, Econometrics and Finance",The Journal of Politics,National Growth and International Conflict: A Reevaluation of Choucri and North's Thesis,no,no OA URL and not attempted — library physical/digital lookup required
meadows_1972_limits_to_growth,1970s,https://openalex.org/W1970296616,https://doi.org/10.1080/10357717308444479,1973,article,en,False,,Social Sciences,Australian Outlook,Third‐world poverty,no,no OA URL and not attempted — library physical/digital lookup required
meadows_1972_limits_to_growth,1970s,https://openalex.org/W2011921809,https://doi.org/10.1080/00207237908737395,1979,article,en,False,,Social Sciences,International Journal of Environmental Studies,Environment and development: The case of Israel,no,no OA URL and not attempted — library physical/digital lookup required
meadows_1972_limits_to_growth,1980s,https://openalex.org/W2005754710,https://doi.org/10.1002/ir.37019833905,1983,article,en,False,,"Economics, Econometrics and Finance",New Directions for Institutional Research,Judgmental forecasting techniques and institutional planning: An example,no,no OA URL and not attempted — library physical/digital lookup required
meadows_1972_limits_to_growth,1980s,https://openalex.org/W2017280319,https://doi.org/10.1111/j.1468-0076.1980.tb00101.x,1980,article,en,False,,Energy,OPEC Review,RESOURCE DEPLETION THEORIES AND PLANNING IN MINERAL EXPORTING ECONOMIES WITH PARTICULAR REFERENCE TO PETROLEUM EXPORTERS,no,no OA URL and not attempted — library physical/digital lookup required
meadows_1972_limits_to_growth,1980s,https://openalex.org/W2043961754,https://doi.org/10.1002/1520-6297(198721)3:1<3::aid-agr2720030103>3.0.co;2-r,1987,article,en,False,,Environmental Science,Agribusiness,Brazilian soybeans: Agribusiness “miracle”,no,no OA URL and not attempted — library physical/digital lookup required
meadows_1972_limits_to_growth,1980s,https://openalex.org/W1975727982,https://doi.org/10.1177/019251218300400311,1983,article,en,False,,Social Sciences,International Political Science Review,"Of Time, Body, and Scarcity",no,no OA URL and not attempted — library physical/digital lookup required
meadows_1972_limits_to_growth,1980s,https://openalex.org/W2110003908,https://doi.org/10.1049/ip-f-1:19840102,1984,article,en,False,,Engineering,"IEE Proceedings F Communications, Radar and Signal Processing",Future trends in telecommunications transmission - a personal view,no,no OA URL and not attempted — library physical/digital lookup required
meadows_1972_limits_to_growth,1970s,https://openalex.org/W111109666,https://doi.org/10.1007/bf00426119,1973,article,en,False,,Environmental Science,Analytical and Bioanalytical Chemistry,Air pollution measurement as a tool for practical policy and control strategy,no,no OA URL and not attempted — library physical/digital lookup required
meadows_1972_limits_to_growth,1980s,https://openalex.org/W1687398018,,1987,preprint,en,False,,"Economics, Econometrics and Finance",RePEc: Research Papers in Economics,How long is Simon’s long run? : a first approach,no,no OA URL and not attempted — library physical/digital lookup required
meadows_1972_limits_to_growth,1970s,https://openalex.org/W2028495025,https://doi.org/10.1080/00958964.1979.9941349,1979,article,en,False,,Energy,The Journal of Environmental Education,Environmental Awareness in the Year 2000,no,no OA URL and not attempted — library physical/digital lookup required
meadows_1972_limits_to_growth,1980s,https://openalex.org/W2073279734,https://doi.org/10.1007/bf00213562,1981,article,en,False,,Energy,GeoJournal,New perspectives on natural resource development in developing countries,no,no OA URL and not attempted — library physical/digital lookup required
meadows_1972_limits_to_growth,1970s,https://openalex.org/W2077447382,https://doi.org/10.1007/bf02826171,1978,article,en,False,,"Business, Management and Accounting",Forum for Social Economics,The poverty of affluence: The limits of growth in a world of technology and change,no,no OA URL and not attempted — library physical/digital lookup required
meadows_1972_limits_to_growth,1980s,https://openalex.org/W2972639423,,1989,article,es,False,,Social Sciences,,"Ambiente, calidad de vida y desarrollo regional: una perspectiva de futuro",no,no OA URL and not attempted — library physical/digital lookup required
meadows_1972_limits_to_growth,1970s,https://openalex.org/W2302199700,https://doi.org/10.1179/mng.1976.1976.1.1,1976,article,en,False,,Decision Sciences,Ming Studies,Promises and Problems of Science: Some Economic and Ethical Aspects,no,no OA URL and not attempted — library physical/digital lookup required
meadows_1972_limits_to_growth,1970s,https://openalex.org/W2050332507,https://doi.org/10.1136/sti.48.5.376,1972,article,en,True,https://sti.bmj.com/content/sextrans/48/5/376.full.pdf,Immunology and Microbiology,Sexually Transmitted Infections,Potential impact of chemical prophylaxis on the incidence of gonorrhoea.,no,"OA URL present, not sampled in this run — extend automated extraction first"
meadows_1972_limits_to_growth,1980s,https://openalex.org/W2038464913,https://doi.org/10.2190/wtmu-vhgd-ld26-8a59,1981,article,en,False,,Decision Sciences,Journal of Environmental Systems,The Man-Habitat System and Multi-Use Projects: Description and Representation,no,no OA URL and not attempted — library physical/digital lookup required
meadows_1972_limits_to_growth,1970s,https://openalex.org/W2010066993,https://doi.org/10.1080/01944367408977453,1974,article,en,False,,Health Professions,Journal of the American Institute of Planners,"Social Territory, Community Health and Urban Planning",no,no OA URL and not attempted — library physical/digital lookup required
meadows_1972_limits_to_growth,1970s,https://openalex.org/W2011768338,https://doi.org/10.1080/00323267708401588,1977,article,en,False,,Arts and Humanities,Politics,Doomsayers and eco‐nuts: A critique of the ecology movement,no,no OA URL and not attempted — library physical/digital lookup required
meadows_1972_limits_to_growth,1970s,https://openalex.org/W2083683197,https://doi.org/10.1111/j.1759-3441.1974.tb00743.x,1974,article,en,False,,"Economics, Econometrics and Finance",Economic Papers A journal of applied economics and policy,SOCIAL INDICATORS AND ECONOMIC WELFARE*,no,no OA URL and not attempted — library physical/digital lookup required
meadows_1972_limits_to_growth,1980s,https://openalex.org/W1998863510,https://doi.org/10.1080/0260137860050103,1986,article,en,False,,"Business, Management and Accounting",International Journal of Lifelong Education,Proaction for a change: Some guidelines for the future,no,no OA URL and not attempted — library physical/digital lookup required
meadows_1972_limits_to_growth,1970s,https://openalex.org/W1980806202,https://doi.org/10.1080/02589347908704760,1979,article,en,False,,Social Sciences,Politikon,Contemporary trends and issues in the theory of development,no,no OA URL and not attempted — library physical/digital lookup required
meadows_1972_limits_to_growth,1980s,https://openalex.org/W2085788606,https://doi.org/10.1017/s0260210500115359,1981,article,en,False,,"Economics, Econometrics and Finance",Review of International Studies,International political economy: problems and issues—Part I,no,no OA URL and not attempted — library physical/digital lookup required
meadows_1972_limits_to_growth,1970s,https://openalex.org/W4247987410,https://doi.org/10.1179/isr.1976.1.1.1,1976,article,en,False,,Decision Sciences,Interdisciplinary Science Reviews,Promises and Problems of Science: Some Economic and Ethical Aspects,no,no OA URL and not attempted — library physical/digital lookup required
meadows_1972_limits_to_growth,1970s,https://openalex.org/W2038812590,https://doi.org/10.1007/bf02138787,1973,article,en,False,,Computer Science,Interchange,Some general tactics for creating alternative educational futures,no,no OA URL and not attempted — library physical/digital lookup required
meadows_1972_limits_to_growth,1980s,https://openalex.org/W2103996067,https://doi.org/10.1002/bs.3830340102,1989,article,en,False,,Decision Sciences,Systems Research and Behavioral Science,Computer simulation: A personal view,no,no OA URL and not attempted — library physical/digital lookup required
meadows_1972_limits_to_growth,1970s,https://openalex.org/W2106580036,https://doi.org/10.1111/j.1541-0072.1974.tb01134.x,1974,article,en,False,,Environmental Science,Policy Studies Journal,POPULATION POLICY RESEARCH AND POLITICAL SCIENCE,no,no OA URL and not attempted — library physical/digital lookup required
meadows_1972_limits_to_growth,1980s,https://openalex.org/W1988643976,https://doi.org/10.1007/bf02717348,1981,article,en,False,,Social Sciences,Studies in Comparative International Development,Economic development and the quality of life: A structural analysis of the Modernizer’s dilemma,no,no OA URL and not attempted — library physical/digital lookup required
meadows_1972_limits_to_growth,1970s,https://openalex.org/W2074537605,https://doi.org/10.1111/j.1752-1688.1974.tb00584.x,1974,article,en,False,,Decision Sciences,JAWRA Journal of the American Water Resources Association,ON THE MEASUREMENT OF ENVIRONMENTAL IMPACTS OF PUBLIC PROJECTS FROM A SOCIOLOGICAL PERSPECTIVE<sup>1</sup>,no,no OA URL and not attempted — library physical/digital lookup required
meadows_1972_limits_to_growth,1980s,https://openalex.org/W1842753184,https://doi.org/10.2307/3349869,1983,article,en,False,,Environmental Science,The Milbank Memorial Fund Quarterly Health and Society,The Elderly: An International Policy Perspective,no,no OA URL and not attempted — library physical/digital lookup required
meadows_1972_limits_to_growth,1970s,https://openalex.org/W1968073465,https://doi.org/10.1111/j.1467-7660.1978.tb00785.x,1978,article,en,False,,Social Sciences,Development and Change,The Long View of Economic Development: New Theories,no,no OA URL and not attempted — library physical/digital lookup required
meadows_1972_limits_to_growth,1980s,https://openalex.org/W2018147796,https://doi.org/10.2118/14054-ms,1986,article,en,False,,Engineering,International Meeting on Petroleum Engineering,Computer Modeling for Strategic Planning of Petroleum Exploration and Production,no,no OA URL and not attempted — library physical/digital lookup required
meadows_1972_limits_to_growth,1970s,https://openalex.org/W2069633570,https://doi.org/10.2190/92v0-k6qu-53te-dapf,1972,article,en,False,,"Business, Management and Accounting",Journal of Environmental Systems,Attaining Environmental Quality: The Role of the Technical Decision-Maker,no,no OA URL and not attempted — library physical/digital lookup required
meadows_1972_limits_to_growth,1970s,https://openalex.org/W2482080688,https://doi.org/10.1007/978-1-349-05069-7_14,1978,book-chapter,en,False,,"Economics, Econometrics and Finance",Palgrave Macmillan UK eBooks,“Resource Constraints”: A Problem of the Japanese Economy,no,no OA URL and not attempted — library physical/digital lookup required
meadows_1972_limits_to_growth,1980s,https://openalex.org/W4250790371,https://doi.org/10.1057/978-1-349-95121-5_966-1,1987,book-chapter,en,False,,"Economics, Econometrics and Finance",The New Palgrave Dictionary of Economics,Limits to Growth,no,no OA URL and not attempted — library physical/digital lookup required
meadows_1972_limits_to_growth,1980s,https://openalex.org/W5639183,https://doi.org/10.1016/b978-0-08-033909-2.50008-1,1987,book-chapter,en,False,,Social Sciences,Elsevier eBooks,Teaching the Relevance of Science for Society: The Science in Society Project,no,no OA URL and not attempted — library physical/digital lookup required
meadows_1972_limits_to_growth,1980s,https://openalex.org/W1968279649,https://doi.org/10.1108/eb054854,1980,article,en,False,,Computer Science,Library Management,Informative Futures: Computer Simulation for Library Management,no,no OA URL and not attempted — library physical/digital lookup required
meadows_1972_limits_to_growth,1970s,https://openalex.org/W2001176762,https://doi.org/10.2753/jes1097-203x07033,1979,article,en,False,,Social Sciences,Japanese Economic Studies,The Aging of Population and Economic Growth in Japan,no,no OA URL and not attempted — library physical/digital lookup required
meadows_1972_limits_to_growth,1980s,https://openalex.org/W2009537666,https://doi.org/10.1080/0260293850100202,1985,article,en,False,,Social Sciences,Assessment & Evaluation in Higher Education,PERCEPTIONS BY VI FORM STUDENTS OF COURSES IN BUSINESS STUDIES AND ENGINEERING EMPLOYING A MULTI‐ATTRIBUTE MODEL,no,no OA URL and not attempted — library physical/digital lookup required
meadows_1972_limits_to_growth,1980s,https://openalex.org/W2021583654,https://doi.org/10.1111/j.1749-6632.1987.tb37642.x,1987,review,en,False,,Social Sciences,Annals of the New York Academy of Sciences,What's Wrong with the Environment?,no,no OA URL and not attempted — library physical/digital lookup required
meadows_1972_limits_to_growth,1970s,https://openalex.org/W2023020610,https://doi.org/10.1111/j.1541-0064.1976.tb00218.x,1976,article,fr,False,,Social Sciences,Canadian Geographies / Géographies canadiennes,DIVERSITÉ DES RESSOURCES DANS l'ENVIRONNEMENT CANADIEN,no,no OA URL and not attempted — library physical/digital lookup required
meadows_1972_limits_to_growth,1970s,https://openalex.org/W2038622379,https://doi.org/10.2190/qd57-j6mv-7nme-hr1u,1978,article,en,False,,Psychology,Journal of Environmental Systems,Man/Environment Relations: A Preliminary Behavioral Model,no,no OA URL and not attempted — library physical/digital lookup required
meadows_1972_limits_to_growth,1970s,https://openalex.org/W2074741360,https://doi.org/10.1080/02604027.1979.9971909,1979,article,en,False,,Social Sciences,The Philosophy Forum,"Global education, interdependence, and nationalism",no,no OA URL and not attempted — library physical/digital lookup required
meadows_1972_limits_to_growth,1970s,https://openalex.org/W2074836523,https://doi.org/10.1080/10570317409373803,1974,article,en,False,,Arts and Humanities,Western Speech,"New Orleans, wingspread, and pheasant run briefly revisited",no,no OA URL and not attempted — library physical/digital lookup required
meadows_1972_limits_to_growth,1980s,https://openalex.org/W2086187136,https://doi.org/10.1007/bf03186617,1988,article,en,False,,Health Professions,International Journal of Value-Based Management,Food distribution as a form of terrorism: He who controls the food controls the people,no,no OA URL and not attempted — library physical/digital lookup required
meadows_1972_limits_to_growth,1970s,https://openalex.org/W2104046734,https://doi.org/10.1002/piuz.19740050303,1974,article,de,False,,Engineering,Physik in unserer Zeit,Wachstumsschwierigkeiten Bemerkungen zum Thema „Wachstum und Qualität”,no,no OA URL and not attempted — library physical/digital lookup required
meadows_1972_limits_to_growth,1970s,https://openalex.org/W2151471696,https://doi.org/10.1111/j.1745-4557.1977.tb00946.x,1977,article,en,True,https://onlinelibrary.wiley.com/doi/pdfdirect/10.1111/j.1745-4557.1977.tb00946.x,Agricultural and Biological Sciences,Journal of Food Quality,FOOD PROCESSING NEEDS OF DEVELOPING COUNTRIES,no,"OA URL present, not sampled in this run — extend automated extraction first"
meadows_1972_limits_to_growth,1970s,https://openalex.org/W2201379521,https://doi.org/10.1007/978-94-011-9485-3_3,1973,book-chapter,en,False,,Earth and Planetary Sciences,,The Richness of the Sea: Minerals,no,no OA URL and not attempted — library physical/digital lookup required
meadows_1972_limits_to_growth,1970s,https://openalex.org/W2313558728,https://doi.org/10.1080/09613217608550461,1976,article,fr,False,,Social Sciences,Batiment International Building Research and Practice,Construction avec des aciers profilés légers,no,no OA URL and not attempted — library physical/digital lookup required
meadows_1972_limits_to_growth,1970s,https://openalex.org/W2316723663,https://doi.org/10.1080/10464883.1974.11102522,1974,article,en,False,,Engineering,Journal of Architectural Education,Title: Applied Integrated Axiomorphomethochronology,no,no OA URL and not attempted — library physical/digital lookup required
meadows_1972_limits_to_growth,1980s,https://openalex.org/W2319512406,https://doi.org/10.2747/0272-3638.8.4.353,1987,review,en,False,,Social Sciences,Urban Geography,PROGRESS REPORT: TWENTY-FIVE YEARS OF FEDERAL COMMISSIONS: A REVIEW,no,no OA URL and not attempted — library physical/digital lookup required
meadows_1972_limits_to_growth,1980s,https://openalex.org/W2481693470,https://doi.org/10.1007/978-1-349-08086-1_9,1987,book-chapter,en,False,,"Economics, Econometrics and Finance",Palgrave Macmillan UK eBooks,Changing Social Values and Lifestyles: From a Consumer Towards a Conserver Society?,no,no OA URL and not attempted — library physical/digital lookup required
meadows_1972_limits_to_growth,1980s,https://openalex.org/W2577824640,,1989,article,en,False,,Environmental Science,,"EXTERRALITIES: ECOROHICS "" TBERH>DYHAHICS",no,no OA URL and not attempted — library physical/digital lookup required
meadows_1972_limits_to_growth,1970s,https://openalex.org/W259109867,https://doi.org/10.1007/978-1-4615-8864-1_24,1977,book-chapter,en,False,,Environmental Science,,Information Values of Remote Sensing,no,no OA URL and not attempted — library physical/digital lookup required
meadows_1972_limits_to_growth,1980s,https://openalex.org/W27518313,https://doi.org/10.17236/sat00054,1983,article,en,False,,Medicine,,The Relationship of Science to the North-South Dialogue,no,no OA URL and not attempted — library physical/digital lookup required
meadows_1972_limits_to_growth,1980s,https://openalex.org/W4211054455,https://doi.org/10.4324/9780203419359.bmatt,1989,book-chapter,en,False,,Social Sciences,,Bibliography,no,no OA URL and not attempted — library physical/digital lookup required
meadows_1972_limits_to_growth,1980s,https://openalex.org/W4211244486,https://doi.org/10.1002/aehe.3640130911,1984,article,en,False,,Social Sciences,ASHE-ERIC/Higher Education Research Report,References,no,no OA URL and not attempted — library physical/digital lookup required
meadows_1972_limits_to_growth,1970s,https://openalex.org/W4230547966,https://doi.org/10.1007/978-1-4613-4229-8_1,1977,book-chapter,en,False,,Decision Sciences,,Introduction,no,no OA URL and not attempted — library physical/digital lookup required
meadows_1972_limits_to_growth,1970s,https://openalex.org/W4232887257,https://doi.org/10.1016/b978-0-444-99779-1.50012-6,1979,book-chapter,en,False,,,Developments in economic geology,Conclusions,no,no OA URL and not attempted — library physical/digital lookup required
meadows_1972_limits_to_growth,1970s,https://openalex.org/W2088678796,https://doi.org/10.1080/00958964.1978.10801875,1978,article,en,False,,Environmental Science,The Journal of Environmental Education,The “New Environmental Paradigm”,no,no OA URL and not attempted — library physical/digital lookup required
meadows_1972_limits_to_growth,1970s,https://openalex.org/W2053216029,https://doi.org/10.2307/1056148,1975,article,en,False,,Energy,Southern Economic Journal,Energy and Economic Myths,no,no OA URL and not attempted — library physical/digital lookup required
meadows_1972_limits_to_growth,1980s,https://openalex.org/W1988429268,https://doi.org/10.1017/cbo9780511628375.011,1980,book-chapter,en,False,,"Economics, Econometrics and Finance",Cambridge University Press eBooks,THE OPTIMAL DEPLETION OF EXHAUSTIBLE RESOURCES,no,no OA URL and not attempted — library physical/digital lookup required
meadows_1972_limits_to_growth,1980s,https://openalex.org/W2078144924,https://doi.org/10.2307/1962290,1981,article,en,False,,Social Sciences,American Political Science Review,Post-Materialism in an Environment of Insecurity,no,no OA URL and not attempted — library physical/digital lookup required
meadows_1972_limits_to_growth,1970s,https://openalex.org/W2170376823,https://doi.org/10.1037/h0034936,1973,article,en,False,,Environmental Science,American Psychologist,Ecology: Let's hear from the people: An objective scale for the measurement of ecological attitudes and knowledge.,no,no OA URL and not attempted — library physical/digital lookup required
meadows_1972_limits_to_growth,1980s,https://openalex.org/W2045488269,https://doi.org/10.1177/000276428002400103,1980,article,en,False,,Social Sciences,American Behavioral Scientist,A New Ecological Paradigm for Post-Exuberant Sociology,no,no OA URL and not attempted — library physical/digital lookup required
meadows_1972_limits_to_growth,1970s,https://openalex.org/W2028731944,https://doi.org/10.1037/0021-9010.62.2.194,1977,article,en,False,,Decision Sciences,Journal of Applied Psychology,Managerial myopia: Self-serving biases in organizational planning.,no,no OA URL and not attempted — library physical/digital lookup required
meadows_1972_limits_to_growth,1980s,https://openalex.org/W2083179788,https://doi.org/10.2307/2233764,1989,article,en,False,,"Economics, Econometrics and Finance",The Economic Journal,The Economics of Development: A Survey,no,no OA URL and not attempted — library physical/digital lookup required
meadows_1972_limits_to_growth,1980s,https://openalex.org/W2170949745,https://doi.org/10.1016/0921-8009(89)90020-7,1989,article,en,False,,"Economics, Econometrics and Finance",Ecological Economics,What is ecological economics?,no,no OA URL and not attempted — library physical/digital lookup required
meadows_1972_limits_to_growth,1970s,https://openalex.org/W1976516976,https://doi.org/10.1177/009365027600300207,1976,article,en,False,,Social Sciences,Communication Research,Communication and Development,no,no OA URL and not attempted — library physical/digital lookup required
meadows_1972_limits_to_growth,1980s,https://openalex.org/W2136115767,https://doi.org/10.1016/0921-8009(89)90023-2,1989,article,en,False,,Environmental Science,Ecological Economics,The case for methodological pluralism,no,no OA URL and not attempted — library physical/digital lookup required
meadows_1972_limits_to_growth,1980s,https://openalex.org/W2145926668,https://doi.org/10.1146/annurev.so.13.080187.002341,1987,article,en,False,,Environmental Science,Annual Review of Sociology,New Directions in Environmental Sociology,no,no OA URL and not attempted — library physical/digital lookup required
meadows_1972_limits_to_growth,1980s,https://openalex.org/W2050753866,https://doi.org/10.1086/208861,1981,article,en,False,,Environmental Science,Journal of Consumer Research,Voluntary Simplicity Lifestyles and Energy Conservation,no,no OA URL and not attempted — library physical/digital lookup required
meadows_1972_limits_to_growth,1980s,https://openalex.org/W2093103361,https://doi.org/10.1002/sdr.4260030205,1987,article,en,False,,Decision Sciences,System Dynamics Review,Lessons from system dynamics modeling,no,no OA URL and not attempted — library physical/digital lookup required
meadows_1972_limits_to_growth,1980s,https://openalex.org/W2120824421,https://doi.org/10.5465/amr.1980.4288836,1980,article,en,False,,Social Sciences,Academy of Management Review,"Career Transitions: Varieties and Commonalities<sup>,</sup>",no,no OA URL and not attempted — library physical/digital lookup required
meadows_1972_limits_to_growth,1980s,https://openalex.org/W1969353130,https://doi.org/10.1002/sdr.4260020207,1986,article,en,False,,Decision Sciences,System Dynamics Review,Problems with causal‐loop diagrams,no,no OA URL and not attempted — library physical/digital lookup required
meadows_1972_limits_to_growth,1980s,https://openalex.org/W1513988406,,1983,article,en,False,,Psychology,PubMed,Preventing adolescent drug abuse. Intervention strategies.,no,no OA URL and not attempted — library physical/digital lookup required
meadows_1972_limits_to_growth,1980s,https://openalex.org/W2071114591,https://doi.org/10.1016/0377-2217(83)90257-6,1983,article,en,False,,Decision Sciences,European Journal of Operational Research,Model validation in operations research,no,no OA URL and not attempted — library physical/digital lookup required
meadows_1972_limits_to_growth,1970s,https://openalex.org/W2083331146,https://doi.org/10.1177/003754977101600202,1971,article,en,False,,Environmental Science,SIMULATION,Counterintuitive Behavior of Social Systems,no,no OA URL and not attempted — library physical/digital lookup required
meadows_1972_limits_to_growth,1970s,https://openalex.org/W2030670572,https://doi.org/10.1007/978-94-009-9394-5_8,1979,book-chapter,en,False,,"Biochemistry, Genetics and Molecular Biology",,"Population, Resources, and the Ideology of Science",no,no OA URL and not attempted — library physical/digital lookup required
meadows_1972_limits_to_growth,1980s,https://openalex.org/W2015427242,https://doi.org/10.1017/s0020818300027375,1986,article,en,False,,Social Sciences,International Organization,The rise and fall of international organization as a field of study,no,no OA URL and not attempted — library physical/digital lookup required
meadows_1972_limits_to_growth,1980s,https://openalex.org/W2031334243,https://doi.org/10.2307/1243120,1989,article,en,False,,Environmental Science,American Journal of Agricultural Economics,Global Climate Change and Agriculture: An Economic Perspective,no,no OA URL and not attempted — library physical/digital lookup required
meadows_1972_limits_to_growth,1970s,https://openalex.org/W2038532789,https://doi.org/10.1037/0033-2909.86.4.680,1979,article,en,False,,Engineering,Psychological Bulletin,Human crowding and personal control: An integration of the research.,no,no OA URL and not attempted — library physical/digital lookup required
meadows_1972_limits_to_growth,1980s,https://openalex.org/W2000208987,https://doi.org/10.1007/bf01873382,1988,article,en,False,,Environmental Science,Environmental Management,Global sustainability: Toward measurement,no,no OA URL and not attempted — library physical/digital lookup required
meadows_1972_limits_to_growth,1970s,https://openalex.org/W2114709930,https://doi.org/10.2307/1955287,1975,article,en,False,,Social Sciences,American Political Science Review,The Limits of Consensual Decision,no,no OA URL and not attempted — library physical/digital lookup required
meadows_1972_limits_to_growth,1980s,https://openalex.org/W2090256020,https://doi.org/10.2307/2807901,1986,article,en,False,,Social Sciences,Population and Development Review,Changing Values and Falling Birth Rates,no,no OA URL and not attempted — library physical/digital lookup required
meadows_1972_limits_to_growth,1970s,https://openalex.org/W2152548965,https://doi.org/10.1016/0160-7383(79)90093-8,1979,article,en,False,,Social Sciences,Annals of Tourism Research,Social planning for tourism in the developing countries,no,no OA URL and not attempted — library physical/digital lookup required
meadows_1972_limits_to_growth,1980s,https://openalex.org/W2120732221,https://doi.org/10.1017/s0376892900008493,1989,article,en,False,,Environmental Science,Environmental Conservation,Sustainable Development: Theoretical Construct or Attainable Goal?,no,no OA URL and not attempted — library physical/digital lookup required
meadows_1972_limits_to_growth,1980s,https://openalex.org/W2095550075,https://doi.org/10.1017/s0143814x00007510,1983,article,en,False,,Decision Sciences,Journal of Public Policy,Don't Toss Coins in Garbage Cans: A Prologue to Policy Design,no,no OA URL and not attempted — library physical/digital lookup required
meadows_1972_limits_to_growth,1980s,https://openalex.org/W2001328994,https://doi.org/10.1016/0305-0483(82)90002-0,1982,article,en,False,,Energy,Omega,"Modeling for insights, not numbers: the experiences of the energy modeling forum",no,no OA URL and not attempted — library physical/digital lookup required
meadows_1972_limits_to_growth,1980s,https://openalex.org/W1976723655,https://doi.org/10.1016/0305-0483(80)90061-4,1980,article,en,False,,Decision Sciences,Omega,System dynamics modeling,no,no OA URL and not attempted — library physical/digital lookup required
meadows_1972_limits_to_growth,1980s,https://openalex.org/W52061472,https://doi.org/10.1016/s1573-4471(88)01015-0,1988,book-chapter,en,False,,Social Sciences,Handbook of development economics,Chapter 12 Economic approaches to population growth,no,no OA URL and not attempted — library physical/digital lookup required
meadows_1972_limits_to_growth,1980s,https://openalex.org/W1998131629,https://doi.org/10.1016/0921-8009(89)90024-4,1989,article,en,False,,Environmental Science,Ecological Economics,Ecological economics: Rationale and problem areas,no,no OA URL and not attempted — library physical/digital lookup required
meadows_1972_limits_to_growth,1980s,https://openalex.org/W2078927042,https://doi.org/10.2307/2131095,1986,article,en,False,,Social Sciences,The Journal of Politics,The Progress of Political Science,no,no OA URL and not attempted — library physical/digital lookup required
meadows_1972_limits_to_growth,1980s,https://openalex.org/W1984025732,https://doi.org/10.1017/s0020818300032768,1983,article,en,False,,Social Sciences,International Organization,The eye of power: the politics of world modeling,no,no OA URL and not attempted — library physical/digital lookup required
meadows_1972_limits_to_growth,1980s,https://openalex.org/W2080995929,https://doi.org/10.1017/s0376892900009772,1989,article,en,False,,Environmental Science,Environmental Conservation,Methodological Problems in Evaluating Sustainability,no,no OA URL and not attempted — library physical/digital lookup required
meadows_1972_limits_to_growth,1980s,https://openalex.org/W56243226,https://doi.org/10.1007/978-94-009-3395-8_5,1987,book-chapter,en,False,,Environmental Science,,Protest Movements and the Construction of Risk,no,no OA URL and not attempted — library physical/digital lookup required
meadows_1972_limits_to_growth,1970s,https://openalex.org/W1489407337,https://doi.org/10.1177/001041407300600303,1973,article,en,True,http://repository.graduateinstitute.ch/record/302589,"Economics, Econometrics and Finance",Comparative Political Studies,"The Population Density and War Proneness of European Nations, 1816–1965",no,"OA URL present, not sampled in this run — extend automated extraction first"
meadows_1972_limits_to_growth,1970s,https://openalex.org/W2170847751,https://doi.org/10.1146/annurev.an.02.100173.000245,1973,article,en,False,,Social Sciences,Annual Review of Anthropology,Changing Styles of Anthropological Work,no,no OA URL and not attempted — library physical/digital lookup required
meadows_1972_limits_to_growth,1980s,https://openalex.org/W2327465109,https://doi.org/10.2307/2808097,1988,article,en,False,,Environmental Science,Population and Development Review,Demography and the Limits to Growth,no,no OA URL and not attempted — library physical/digital lookup required
meadows_1972_limits_to_growth,1980s,https://openalex.org/W1983448080,https://doi.org/10.1017/s0376892900013473,1984,article,en,False,,"Economics, Econometrics and Finance",Environmental Conservation,Complementarity Between Environment and Development Processes,no,no OA URL and not attempted — library physical/digital lookup required
meadows_1972_limits_to_growth,1970s,https://openalex.org/W2093167740,https://doi.org/10.1177/002234337601300301,1976,article,en,False,,Social Sciences,Journal of Peace Research,Adding an Intergenerational Dimension to Conceptions of Peace,no,no OA URL and not attempted — library physical/digital lookup required
meadows_1972_limits_to_growth,1980s,https://openalex.org/W2105225174,https://doi.org/10.5465/amr.1980.4288962,1980,article,en,False,,"Business, Management and Accounting",Academy of Management Review,Organizational Decline: A Neglected Topic in Organizational Science<sup>1</sup>,no,no OA URL and not attempted — library physical/digital lookup required
meadows_1972_limits_to_growth,1970s,https://openalex.org/W1972509771,https://doi.org/10.2307/2392042,1976,article,en,False,,"Business, Management and Accounting",Administrative Science Quarterly,A System Pathology of an Organization: The Rise and Fall of the Old Saturday Evening Post,no,no OA URL and not attempted — library physical/digital lookup required
meadows_1972_limits_to_growth,1980s,https://openalex.org/W2002373344,https://doi.org/10.1016/0272-6963(80)90005-4,1980,article,en,False,,"Business, Management and Accounting",Journal of Operations Management,Research in Operations Management,no,no OA URL and not attempted — library physical/digital lookup required
meadows_1972_limits_to_growth,1970s,https://openalex.org/W1995778219,https://doi.org/10.1016/s0313-5926(76)50005-1,1976,article,en,False,,Energy,Economic Analysis and Policy,Mankind at the Turning Point – The Second Report of the Club of Rome,no,no OA URL and not attempted — library physical/digital lookup required
meadows_1972_limits_to_growth,1970s,https://openalex.org/W2018585224,https://doi.org/10.1016/0378-1127(76)90019-0,1976,article,en,False,,Engineering,Forest Ecology and Management,Evaluation of the consequences for future tree productivity of the loss of nutrients in whole-tree harvesting,no,no OA URL and not attempted — library physical/digital lookup required
meadows_1972_limits_to_growth,1980s,https://openalex.org/W2054655009,https://doi.org/10.1002/smj.4250050308,1984,article,en,False,,Decision Sciences,Strategic Management Journal,"Mechanisms, organisms and social systems",no,no OA URL and not attempted — library physical/digital lookup required
meadows_1972_limits_to_growth,1980s,https://openalex.org/W1608002716,https://doi.org/10.1016/0040-1625(81)90062-7,1981,article,en,False,,Psychology,Technological Forecasting and Social Change,The multiple perspective concept,no,no OA URL and not attempted — library physical/digital lookup required
meadows_1972_limits_to_growth,1980s,https://openalex.org/W3138205563,https://doi.org/10.1207/s15327051hci0201_2,1986,article,en,False,,Computer Science,Human-Computer Interaction,A Cognitively Based Functional Taxonomy of Decision Support Techniques,no,no OA URL and not attempted — library physical/digital lookup required
meadows_1972_limits_to_growth,1970s,https://openalex.org/W1985442840,https://doi.org/10.1080/00221546.1975.11777035,1975,article,en,False,,Psychology,The Journal of Higher Education,Components of an Effective Faculty Development Program,no,no OA URL and not attempted — library physical/digital lookup required
meadows_1972_limits_to_growth,1980s,https://openalex.org/W2561424316,https://doi.org/10.1007/978-3-642-74946-9_45,1989,book-chapter,en,False,,"Economics, Econometrics and Finance",,A System Dynamics Model for National Energy Policy Planning,no,no OA URL and not attempted — library physical/digital lookup required
meadows_1972_limits_to_growth,1980s,https://openalex.org/W2080619527,https://doi.org/10.1086/451404,1984,article,en,False,,Environmental Science,Economic Development and Cultural Change,Coevolutionary Agricultural Development,no,no OA URL and not attempted — library physical/digital lookup required
meadows_1972_limits_to_growth,1980s,https://openalex.org/W2006777070,https://doi.org/10.1086/261121,1982,article,en,False,,"Economics, Econometrics and Finance",Journal of Political Economy,Exploration and Scarcity,no,no OA URL and not attempted — library physical/digital lookup required
meadows_1972_limits_to_growth,1980s,https://openalex.org/W1992864560,https://doi.org/10.2307/1973216,1986,article,en,False,,"Economics, Econometrics and Finance",Population and Development Review,The Effects of Rapid Population Growth on Labor Supply and Employment in Developing Countries,no,no OA URL and not attempted — library physical/digital lookup required
meadows_1972_limits_to_growth,1970s,https://openalex.org/W2072270969,https://doi.org/10.1016/0040-1625(76)90044-5,1976,article,en,False,,"Economics, Econometrics and Finance",Technological Forecasting and Social Change,The system dynamics national model: Understanding socio-economic behavior and policy alternatives,no,no OA URL and not attempted — library physical/digital lookup required
meadows_1972_limits_to_growth,1980s,https://openalex.org/W2025547381,https://doi.org/10.1111/j.1467-8306.1987.tb00178.x,1987,article,en,False,,Agricultural and Biological Sciences,Annals of the Association of American Geographers,"The Human Environment: The Road Not Taken, The Road Still Beckoning",no,no OA URL and not attempted — library physical/digital lookup required
meadows_1972_limits_to_growth,1980s,https://openalex.org/W2016092462,https://doi.org/10.1002/sdr.4260050106,1989,article,en,False,,Decision Sciences,System Dynamics Review,System dynamics meets the press,no,no OA URL and not attempted — library physical/digital lookup required
meadows_1972_limits_to_growth,1980s,https://openalex.org/W2068084815,https://doi.org/10.1016/0304-3800(87)90044-5,1987,article,en,False,,Energy,Ecological Modelling,Biophysical economics: Historical perspective and current research trends,no,no OA URL and not attempted — library physical/digital lookup required
meadows_1972_limits_to_growth,1970s,https://openalex.org/W2000766462,https://doi.org/10.2307/1239248,1972,article,en,False,,"Business, Management and Accounting",American Journal of Agricultural Economics,In Defense of a Steady‐State Economy,no,no OA URL and not attempted — library physical/digital lookup required
meadows_1972_limits_to_growth,1970s,https://openalex.org/W2125274233,https://doi.org/10.1016/0016-3287(77)90005-2,1977,article,en,False,,"Economics, Econometrics and Finance",Futures,Scenario development for corporate planning,no,no OA URL and not attempted — library physical/digital lookup required
meadows_1972_limits_to_growth,1970s,https://openalex.org/W2061637365,https://doi.org/10.2307/254978,1974,article,en,False,,Decision Sciences,Academy of Management Journal,Organization Theory: A Reassessment.,no,no OA URL and not attempted — library physical/digital lookup required
meadows_1972_limits_to_growth,1970s,https://openalex.org/W2167226879,https://doi.org/10.1016/0305-750x(77)90051-1,1977,article,en,False,,Environmental Science,World Development,Food production potential of the world,no,no OA URL and not attempted — library physical/digital lookup required
meadows_1972_limits_to_growth,1980s,https://openalex.org/W1513310451,https://doi.org/10.1016/0261-5177(82)90067-x,1982,article,en,False,,Social Sciences,Tourism Management,Cycles and capacity,no,no OA URL and not attempted — library physical/digital lookup required
meadows_1972_limits_to_growth,1970s,https://openalex.org/W2026810669,https://doi.org/10.1016/0305-750x(75)90079-0,1975,article,en,False,,"Economics, Econometrics and Finance",World Development,Dynamic models and economic growth,no,no OA URL and not attempted — library physical/digital lookup required
meadows_1972_limits_to_growth,1970s,https://openalex.org/W2120784049,https://doi.org/10.1017/s0020818300006470,1977,article,en,False,,Decision Sciences,International Organization,A methodology for design research on interdependence alternatives,no,no OA URL and not attempted — library physical/digital lookup required
meadows_1972_limits_to_growth,1970s,https://openalex.org/W147410945,https://doi.org/10.1007/978-1-4757-0555-3_2,1978,book-chapter,en,False,,Decision Sciences,,Linkage Propositions between Fifty Principal Systems Concepts,no,no OA URL and not attempted — library physical/digital lookup required
meadows_1972_limits_to_growth,1980s,https://openalex.org/W2101917701,https://doi.org/10.1093/ijpor/1.1.45,1989,article,en,True,https://academic.oup.com/ijpor/article-pdf/1/1/45/2179639/1-1-45.pdf,Social Sciences,International Journal of Public Opinion Research,"THE RISE OF POSTMATERIALIST VALUES AND CHANGING RELIGIOUS ORIENTATIONS, GENDER ROLES AND SEXUAL NORMS",no,"OA URL present, not sampled in this run — extend automated extraction first"
meadows_1972_limits_to_growth,1970s,https://openalex.org/W2038532997,https://doi.org/10.1002/bs.3830180404,1973,article,en,False,,Decision Sciences,Systems Research and Behavioral Science,A systems philosophy of human values,no,no OA URL and not attempted — library physical/digital lookup required
meadows_1972_limits_to_growth,1980s,https://openalex.org/W1984105589,https://doi.org/10.1080/01944368608976617,1986,article,en,False,,Social Sciences,Journal of the American Planning Association,500-Year Planning: A Speculative Provocation,no,no OA URL and not attempted — library physical/digital lookup required
meadows_1972_limits_to_growth,1980s,https://openalex.org/W2019638240,https://doi.org/10.2307/1308004,1980,article,en,False,,Environmental Science,BioScience,Using Carbon Monoxide to Produce Single-Cell Protein,no,no OA URL and not attempted — library physical/digital lookup required
meadows_1972_limits_to_growth,1980s,https://openalex.org/W2330155387,https://doi.org/10.2307/2600681,1983,article,en,False,,Social Sciences,International Studies Quarterly,The Ecological Perspective and the Social Sciences,no,no OA URL and not attempted — library physical/digital lookup required
meadows_1972_limits_to_growth,1980s,https://openalex.org/W2314702381,https://doi.org/10.2307/2600682,1983,article,en,False,,Social Sciences,International Studies Quarterly,"Contextual Analysis: Taking Space, Time, and Place Seriously",no,no OA URL and not attempted — library physical/digital lookup required
meadows_1972_limits_to_growth,1970s,https://openalex.org/W2144194125,https://doi.org/10.1111/j.1435-5597.1976.tb00977.x,1976,article,en,False,,Environmental Science,Papers of the Regional Science Association,SOME REGIONAL IMPACTS OF THE RISING COSTS OF ENERGY,no,no OA URL and not attempted — library physical/digital lookup required
meadows_1972_limits_to_growth,1980s,https://openalex.org/W2413264324,https://doi.org/10.1007/978-1-349-19598-5_2,1988,book-chapter,en,False,,Social Sciences,Palgrave Macmillan UK eBooks,Neo-Malthusian Theory,no,no OA URL and not attempted — library physical/digital lookup required
meadows_1972_limits_to_growth,1970s,https://openalex.org/W2179907655,https://doi.org/10.1146/annurev.mi.26.100172.002235,1972,review,en,False,,Environmental Science,Annual Review of Microbiology,The Microbe as a Source of Food,no,no OA URL and not attempted — library physical/digital lookup required
meadows_1972_limits_to_growth,1970s,https://openalex.org/W1973172536,https://doi.org/10.2307/2231364,1977,article,en,False,,"Economics, Econometrics and Finance",The Economic Journal,The Exploitation of Extractive Resources A Survey,no,no OA URL and not attempted — library physical/digital lookup required
meadows_1972_limits_to_growth,1980s,https://openalex.org/W2050754571,https://doi.org/10.1016/0024-6301(82)90024-3,1982,article,en,False,,Environmental Science,Long Range Planning,"Scenarios, past, present and future",no,no OA URL and not attempted — library physical/digital lookup required
meadows_1972_limits_to_growth,1980s,https://openalex.org/W1968848394,https://doi.org/10.2307/2600479,1985,article,en,False,,"Economics, Econometrics and Finance",International Studies Quarterly,On the Political Consequences of Scarcity and Economic Decline,no,no OA URL and not attempted — library physical/digital lookup required
meadows_1972_limits_to_growth,1980s,https://openalex.org/W1989636874,https://doi.org/10.1037/0003-066x.35.2.131,1980,article,en,False,,Social Sciences,American Psychologist,The commons problem: Alternative perspectives.,no,no OA URL and not attempted — library physical/digital lookup required
meadows_1972_limits_to_growth,1970s,https://openalex.org/W1986487436,https://doi.org/10.1016/s0140-1750(78)80007-4,1978,article,en,False,,Physics and Astronomy,Journal of Social and Biological Systems,The complementarity principle in biological and social structures,no,no OA URL and not attempted — library physical/digital lookup required
meadows_1972_limits_to_growth,1980s,https://openalex.org/W2051692614,https://doi.org/10.1017/s0002020600010209,1983,article,en,False,,Agricultural and Biological Sciences,African Studies Review,Ecological Change and the Politics of African Land Use,no,no OA URL and not attempted — library physical/digital lookup required
meadows_1972_limits_to_growth,1980s,https://openalex.org/W2033613045,https://doi.org/10.1057/jors.1980.60,1980,article,en,False,,Environmental Science,Journal of the Operational Research Society,Planning under Uncertainty: II. A Methodology for Robustness Analysis,no,no OA URL and not attempted — library physical/digital lookup required
meadows_1972_limits_to_growth,1980s,https://openalex.org/W2163609371,https://doi.org/10.1146/annurev.eg.05.110180.000543,1980,article,en,True,https://www.annualreviews.org/doi/pdf/10.1146/annurev.eg.05.110180.000543,Environmental Science,Annual Review of Energy,Carbon Dioxide Warming and Coastline Flooding: Physical Factors and Climatic Impact,no,"OA URL present, not sampled in this run — extend automated extraction first"
meadows_1972_limits_to_growth,1970s,https://openalex.org/W1987771025,https://doi.org/10.1007/bf00889415,1978,article,en,False,,Social Sciences,Human Ecology,The commons dilemma: A simulation testing the effects of resource visibility and territorial division,no,no OA URL and not attempted — library physical/digital lookup required
meadows_1972_limits_to_growth,1980s,https://openalex.org/W2402553525,https://doi.org/10.1080/00213624.1988.11504801,1988,article,en,False,,"Economics, Econometrics and Finance",Journal of Economic Issues,Institutional Dynamics: An Extension of the Institutionalist Approach to Socioeconomic Analysis,no,no OA URL and not attempted — library physical/digital lookup required
meadows_1972_limits_to_growth,1970s,https://openalex.org/W17539927,https://doi.org/10.1007/978-1-4684-2277-1_7,1977,book-chapter,en,False,,Psychology,,Simulation Techniques in Environmental Psychology,no,no OA URL and not attempted — library physical/digital lookup required
meadows_1972_limits_to_growth,1970s,https://openalex.org/W1992402486,https://doi.org/10.1016/0361-3682(76)90008-8,1976,article,en,False,,Environmental Science,Accounting Organizations and Society,The corporate environmental accounting system: A management tool for fighting environmental degradation,no,no OA URL and not attempted — library physical/digital lookup required
meadows_1972_limits_to_growth,1970s,https://openalex.org/W2014147347,https://doi.org/10.1016/0040-1625(79)90032-5,1979,article,en,False,,Decision Sciences,Technological Forecasting and Social Change,The use of structural modeling for technology assessment,no,no OA URL and not attempted — library physical/digital lookup required
meadows_1972_limits_to_growth,1970s,https://openalex.org/W2060940666,https://doi.org/10.2307/799987,1974,article,en,False,,Social Sciences,Social Problems,The Decline and Fall of the Status Symbol: Some Thoughts on Status in a Post-Industrial Society,no,no OA URL and not attempted — library physical/digital lookup required
meadows_1972_limits_to_growth,1970s,https://openalex.org/W2101709240,https://doi.org/10.1287/mnsc.24.8.836,1978,article,en,False,,Decision Sciences,Management Science,Teaching Dynamic Feedback Systems Thinking: An Elementary View,no,no OA URL and not attempted — library physical/digital lookup required
meadows_1972_limits_to_growth,1970s,https://openalex.org/W2029065081,https://doi.org/10.1016/0040-1625(77)90043-9,1977,article,en,False,,Environmental Science,Technological Forecasting and Social Change,Alternate scenario planning,no,no OA URL and not attempted — library physical/digital lookup required
meadows_1972_limits_to_growth,1970s,https://openalex.org/W1999658910,https://doi.org/10.1016/0040-1625(74)90035-3,1974,article,en,False,,Environmental Science,Technological Forecasting and Social Change,Some methods and techniques for comprehensive impact assessment,no,no OA URL and not attempted — library physical/digital lookup required
meadows_1972_limits_to_growth,1970s,https://openalex.org/W1987238415,https://doi.org/10.1016/0040-1625(76)90048-2,1976,article,en,False,,Decision Sciences,Technological Forecasting and Social Change,The role of formal models in technology assessment,no,no OA URL and not attempted — library physical/digital lookup required
meadows_1972_limits_to_growth,1970s,https://openalex.org/W2314122679,https://doi.org/10.1016/0304-4009(75)90018-2,1975,article,en,False,,Environmental Science,Urban Ecology,"Compact city, a plan for a liveable urban environment",no,no OA URL and not attempted — library physical/digital lookup required
meadows_1972_limits_to_growth,1980s,https://openalex.org/W19195748,https://doi.org/10.1016/0260-9827(86)90035-2,1986,article,en,False,,Engineering,Political Geography Quarterly,The new geopolitics of minerals,no,no OA URL and not attempted — library physical/digital lookup required
meadows_1972_limits_to_growth,1970s,https://openalex.org/W1972257298,https://doi.org/10.1002/sce.3730610110,1977,article,en,False,,Agricultural and Biological Sciences,Science Education,The new transformation of science education,no,no OA URL and not attempted — library physical/digital lookup required
meadows_1972_limits_to_growth,1980s,https://openalex.org/W1991039263,https://doi.org/10.1016/0743-0167(89)90066-1,1989,article,en,False,,Agricultural and Biological Sciences,Journal of Rural Studies,Sustainable development and the analysis of rural systems,no,no OA URL and not attempted — library physical/digital lookup required
meadows_1972_limits_to_growth,1970s,https://openalex.org/W2121929148,https://doi.org/10.1017/s0010417500008057,1976,article,en,False,,"Economics, Econometrics and Finance",Comparative Studies in Society and History,Technological Determinism: A Critique of Convergence Theory,no,no OA URL and not attempted — library physical/digital lookup required
meadows_1972_limits_to_growth,1970s,https://openalex.org/W2151157202,https://doi.org/10.1007/bf00624440,1973,article,de,False,,Social Sciences,Die Naturwissenschaften,Grenzen des Wachstums,no,no OA URL and not attempted — library physical/digital lookup required
meadows_1972_limits_to_growth,1970s,https://openalex.org/W2067884368,https://doi.org/10.1086/268425,1978,article,en,False,,Environmental Science,Public Opinion Quarterly,Energy Conservation and Attitudes Toward Technology,no,no OA URL and not attempted — library physical/digital lookup required
meadows_1972_limits_to_growth,1980s,https://openalex.org/W2094634433,https://doi.org/10.1108/eb002655,1987,article,en,False,,"Economics, Econometrics and Finance",Journal of Economic Studies,Economics and Systems Theory,no,no OA URL and not attempted — library physical/digital lookup required
meadows_1972_limits_to_growth,1970s,https://openalex.org/W98863662,https://doi.org/10.1016/0005-1098(74)90024-7,1974,article,en,False,,Environmental Science,Automatica,An analysis of Forrester's world dynamics model,no,no OA URL and not attempted — library physical/digital lookup required
meadows_1972_limits_to_growth,1970s,https://openalex.org/W111193137,https://doi.org/10.1007/bf03003004,1979,article,en,False,,Psychology,Pavlovian Journal of Biological Science,Crowding and mental health,no,no OA URL and not attempted — library physical/digital lookup required
meadows_1972_limits_to_growth,1980s,https://openalex.org/W1966635316,https://doi.org/10.1287/mnsc.33.12.1593,1987,article,en,False,,Engineering,Management Science,A Bicriteria Mathematical Programming Model for Nutrition Planning in Developing Nations,no,no OA URL and not attempted — library physical/digital lookup required
meadows_1972_limits_to_growth,1980s,https://openalex.org/W2026230164,https://doi.org/10.1016/0306-9192(80)90129-3,1980,article,en,False,,Agricultural and Biological Sciences,Food Policy,Problems of modern agriculture,no,no OA URL and not attempted — library physical/digital lookup required
meadows_1972_limits_to_growth,1980s,https://openalex.org/W2094914453,https://doi.org/10.1016/0377-2217(87)90095-6,1987,article,en,False,,Earth and Planetary Sciences,European Journal of Operational Research,Problems in the modelling of socio-cultural systems,no,no OA URL and not attempted — library physical/digital lookup required
meadows_1972_limits_to_growth,1980s,https://openalex.org/W1990711820,https://doi.org/10.1111/j.1475-4991.1987.tb00679.x,1987,article,en,False,,Environmental Science,Review of Income and Wealth,BEYOND GDP—NEW APPROACHES TO APPLIED STATISTICS,no,no OA URL and not attempted — library physical/digital lookup required
meadows_1972_limits_to_growth,1970s,https://openalex.org/W2095148491,https://doi.org/10.1017/s0167676800004372,1973,article,en,False,,Social Sciences,Netherlands yearbook of international law,International law and the maintenance of peace,no,no OA URL and not attempted — library physical/digital lookup required
meadows_1972_limits_to_growth,1980s,https://openalex.org/W162631012,https://doi.org/10.1007/978-94-009-6155-5_12,1984,book-chapter,en,False,,Decision Sciences,,Risk Analysis and Technological Hazards: A Policy-Related Bibliography,no,no OA URL and not attempted — library physical/digital lookup required
meadows_1972_limits_to_growth,1970s,https://openalex.org/W2080041735,https://doi.org/10.1016/0307-904x(76)90033-0,1976,article,en,False,,Environmental Science,Applied Mathematical Modelling,An algorithm for reducing the moment of inertia of a system interaction matrix,no,no OA URL and not attempted — library physical/digital lookup required
meadows_1972_limits_to_growth,1970s,https://openalex.org/W2011824530,https://doi.org/10.1016/0040-1625(73)90005-x,1973,article,en,False,,Environmental Science,Technological Forecasting and Social Change,An alternative approach to relative indices of development and potential for change of the nation-state,no,no OA URL and not attempted — library physical/digital lookup required
meadows_1972_limits_to_growth,1970s,https://openalex.org/W2071843101,https://doi.org/10.2190/yxav-uyw8-c4p8-gpu9,1974,article,en,False,,Social Sciences,International Journal of Health Services,Ideology and Population Theory,no,no OA URL and not attempted — library physical/digital lookup required
meadows_1972_limits_to_growth,1970s,https://openalex.org/W2314564989,https://doi.org/10.2307/2148753,1975,article,en,False,,Environmental Science,Political Science Quarterly,Environmental Preservation and Politics: The Significance of “Everglades Jetport”,no,no OA URL and not attempted — library physical/digital lookup required
meadows_1972_limits_to_growth,1970s,https://openalex.org/W2073218805,https://doi.org/10.1086/260306,1975,article,en,False,,"Economics, Econometrics and Finance",Journal of Political Economy,"Substitution among Capital, Labor, and Natural Resource Products in American Manufacturing",no,no OA URL and not attempted — library physical/digital lookup required
meadows_1972_limits_to_growth,1970s,https://openalex.org/W1968205521,https://doi.org/10.1063/1.438530,1979,article,en,False,,Materials Science,The Journal of Chemical Physics,Further developments and applications of the Green’s function method of sensitivity analysis in chemical kinetics,no,no OA URL and not attempted — library physical/digital lookup required
meadows_1972_limits_to_growth,1980s,https://openalex.org/W2121150816,https://doi.org/10.1086/261311,1985,article,en,False,,Energy,Journal of Political Economy,Testing the Efficiency of Extraction from a Stock Resource,no,no OA URL and not attempted — library physical/digital lookup required
meadows_1972_limits_to_growth,1970s,https://openalex.org/W2041724502,https://doi.org/10.1177/009539977901100304,1979,article,en,False,,Social Sciences,Administration & Society,Scarcity and Environmental Stress in Public organizations,no,no OA URL and not attempted — library physical/digital lookup required
meadows_1972_limits_to_growth,1970s,https://openalex.org/W2104426122,https://doi.org/10.2307/1926071,1979,article,en,False,,Environmental Science,The Review of Economics and Statistics,Natural Resource Scarcity: A Statistical Analysis,no,no OA URL and not attempted — library physical/digital lookup required
meadows_1972_limits_to_growth,1980s,https://openalex.org/W1966163136,https://doi.org/10.1177/0013124584016003005,1984,article,en,False,,Social Sciences,Education and Urban Society,Curriculum Transformation for Multicultural Education,no,no OA URL and not attempted — library physical/digital lookup required
meadows_1972_limits_to_growth,1980s,https://openalex.org/W2080434010,https://doi.org/10.1016/0095-0696(86)90021-5,1986,article,en,False,,"Economics, Econometrics and Finance",Journal of Environmental Economics and Management,Conservation of mass and instability in a dynamic economy-environment system,no,no OA URL and not attempted — library physical/digital lookup required
meadows_1972_limits_to_growth,1980s,https://openalex.org/W2044593871,https://doi.org/10.1016/0001-4575(86)90012-6,1986,article,en,False,,Social Sciences,Accident Analysis & Prevention,Beyond the concept of risk homeostatis: Suggestions for research and application towards the prevention of accidents and lifestyle-related disease,no,no OA URL and not attempted — library physical/digital lookup required
meadows_1972_limits_to_growth,1980s,https://openalex.org/W2083778865,https://doi.org/10.1007/bf01869423,1980,review,en,False,,Environmental Science,Environmental Management,Energy consumption and conservation psychology: A review and conceptual analysis,no,no OA URL and not attempted — library physical/digital lookup required
meadows_1972_limits_to_growth,1970s,https://openalex.org/W2012322199,https://doi.org/10.1007/bf01531771,1975,article,en,False,,Social Sciences,Human Ecology,The environmental movement and its critics,no,no OA URL and not attempted — library physical/digital lookup required
meadows_1972_limits_to_growth,1980s,https://openalex.org/W2099705235,https://doi.org/10.1002/for.3980020203,1983,article,en,False,,Decision Sciences,Journal of Forecasting,Strategic planning and forecasting,no,no OA URL and not attempted — library physical/digital lookup required
meadows_1972_limits_to_growth,1970s,https://openalex.org/W2006489550,https://doi.org/10.1126/science.182.4110.358,1973,article,en,False,,Energy,Science,Parameters of Technological Growth,no,no OA URL and not attempted — library physical/digital lookup required
meadows_1972_limits_to_growth,1980s,https://openalex.org/W2332526647,https://doi.org/10.2307/279284,1980,article,en,False,,Social Sciences,American Antiquity,The Classic Maya Collapse: Testing Class Conflict Hypotheses,no,no OA URL and not attempted — library physical/digital lookup required
meadows_1972_limits_to_growth,1980s,https://openalex.org/W2006616602,https://doi.org/10.1016/0377-2217(84)90308-4,1984,article,en,False,,Decision Sciences,European Journal of Operational Research,System dynamics and operational research: An appraisal,no,no OA URL and not attempted — library physical/digital lookup required
meadows_1972_limits_to_growth,1980s,https://openalex.org/W26932366,https://doi.org/10.1016/0016-3287(88)90005-5,1988,article,en,False,,Environmental Science,Futures,Sustainable development and the market,no,no OA URL and not attempted — library physical/digital lookup required
meadows_1972_limits_to_growth,1970s,https://openalex.org/W2005805548,https://doi.org/10.1017/s0020743800051722,1978,article,en,False,,Psychology,International Journal Middle East Studies,The Arab Basic Personality: A Critical Survey of The Literature,no,no OA URL and not attempted — library physical/digital lookup required
meadows_1972_limits_to_growth,1970s,https://openalex.org/W1974987094,https://doi.org/10.1007/bf01989599,1977,article,de,False,,Energy,International Journal of Earth Sciences,"Entropy, materials, and posterity",no,no OA URL and not attempted — library physical/digital lookup required
meadows_1972_limits_to_growth,1970s,https://openalex.org/W2020293116,https://doi.org/10.1016/0307-904x(76)90021-4,1976,article,en,False,,Environmental Science,Applied Mathematical Modelling,Parameter sensitivity of the ‘Limits to Growth’ world model,no,no OA URL and not attempted — library physical/digital lookup required
meadows_1972_limits_to_growth,1980s,https://openalex.org/W1982083989,https://doi.org/10.1016/0301-4215(87)90083-8,1987,article,en,False,,"Economics, Econometrics and Finance",Energy Policy,Extending cost-benefit analysis for energy investment choices,no,no OA URL and not attempted — library physical/digital lookup required
meadows_1972_limits_to_growth,1970s,https://openalex.org/W2090770835,https://doi.org/10.1016/0040-1625(75)90025-6,1975,article,en,False,,Computer Science,Technological Forecasting and Social Change,The dynamics of long-term growth,no,no OA URL and not attempted — library physical/digital lookup required
meadows_1972_limits_to_growth,1970s,https://openalex.org/W2198147371,https://doi.org/10.1177/002200277602000407,1976,article,en,False,,Social Sciences,Journal of Conflict Resolution,Toward a Unified Strategy for Peace Education,no,no OA URL and not attempted — library physical/digital lookup required
meadows_1972_limits_to_growth,1980s,https://openalex.org/W1840589941,https://doi.org/10.1093/oxfordjournals.cje.a035531,1984,article,en,False,,Environmental Science,Cambridge Journal of Economics,Economic arguments on the sufficiency of natural resources,no,no OA URL and not attempted — library physical/digital lookup required
meadows_1972_limits_to_growth,1970s,https://openalex.org/W1997581782,https://doi.org/10.1002/sce.3730630114,1979,article,en,False,,Environmental Science,Science Education,Science education and the emerging ecological society,no,no OA URL and not attempted — library physical/digital lookup required
meadows_1972_limits_to_growth,1970s,https://openalex.org/W2113104199,https://doi.org/10.1070/pu1976v019n02abeh005135,1976,article,en,False,,Physics and Astronomy,Soviet Physics Uspekhi,Energy and physics,no,no OA URL and not attempted — library physical/digital lookup required
meadows_1972_limits_to_growth,1980s,https://openalex.org/W1565907135,https://doi.org/10.1016/0301-4207(85)90017-0,1985,article,en,False,,Environmental Science,Resources Policy,The global environment,no,no OA URL and not attempted — library physical/digital lookup required
meadows_1972_limits_to_growth,1980s,https://openalex.org/W2168883618,https://doi.org/10.1007/bf01363887,1983,article,en,True,https://link.springer.com/content/pdf/10.1007/BF01363887.pdf,Social Sciences,Population and Environment,Population issues and social indicators of well-being,no,"OA URL present, not sampled in this run — extend automated extraction first"
meadows_1972_limits_to_growth,1980s,https://openalex.org/W2473805574,https://doi.org/10.3828/tpr.51.1.fw353528t974r101,1980,article,en,False,,Environmental Science,Town Planning Review,The Limits to Planning,no,no OA URL and not attempted — library physical/digital lookup required
meadows_1972_limits_to_growth,1970s,https://openalex.org/W2097997401,https://doi.org/10.1007/bf01283657,1973,article,de,True,http://hdl.handle.net/1765/15086,"Economics, Econometrics and Finance",Zeitschrift für Nationalökonomie,Exhaustion and technological development: A macro-dynamic policy model,yes,had OA URL but extraction yielded 0 — likely PDF parsing limitation; library physical/digital lookup recommended
meadows_1972_limits_to_growth,1980s,https://openalex.org/W2158103354,https://doi.org/10.1016/0016-3287(83)90071-x,1983,article,en,False,,Decision Sciences,Futures,Mass producing intelligence for a rational world,no,no OA URL and not attempted — library physical/digital lookup required
meadows_1972_limits_to_growth,1980s,https://openalex.org/W2000409060,https://doi.org/10.1016/0016-3287(87)90047-4,1987,article,en,False,,"Economics, Econometrics and Finance",Futures,The crisis in fordism and the rise of a new technological paradigm,no,no OA URL and not attempted — library physical/digital lookup required
meadows_1972_limits_to_growth,1980s,https://openalex.org/W2164203800,https://doi.org/10.1146/annurev.eg.12.110187.000531,1987,article,en,False,,Engineering,Annual Review of Energy,"Materials, Affluence, and Industrial Energy Use",no,no OA URL and not attempted — library physical/digital lookup required
meadows_1972_limits_to_growth,1970s,https://openalex.org/W2123044665,https://doi.org/10.1146/annurev.es.06.110175.001523,1975,article,en,False,,Environmental Science,Annual Review of Ecology and Systematics,Simulation Models of Ecosystems,no,no OA URL and not attempted — library physical/digital lookup required
meadows_1972_limits_to_growth,1980s,https://openalex.org/W2127250885,https://doi.org/10.2307/3146032,1980,article,en,False,,Environmental Science,Land Economics,The Evaluation of Natural Resource Adequacy: Elusive Quest or Frontier of Economic Analysis?,no,no OA URL and not attempted — library physical/digital lookup required
meadows_1972_limits_to_growth,1970s,https://openalex.org/W2008042805,https://doi.org/10.1016/0095-0696(78)90011-6,1978,article,en,False,,Engineering,Journal of Environmental Economics and Management,A model of mining and exploring for exhaustible resources,no,no OA URL and not attempted — library physical/digital lookup required
meadows_1972_limits_to_growth,1980s,https://openalex.org/W2020754781,https://doi.org/10.1068/b110297,1984,article,en,False,,Social Sciences,Environment and Planning B Planning and Design,Planning as Argumentation,no,no OA URL and not attempted — library physical/digital lookup required
meadows_1972_limits_to_growth,1980s,https://openalex.org/W2045373333,https://doi.org/10.1306/03b5a651-16d1-11d7-8645000102c1865d,1982,article,en,False,,Engineering,AAPG Bulletin,Role of Temperature and Time on Organic Metamorphism: GEOLOGIC NOTES,no,no OA URL and not attempted — library physical/digital lookup required
meadows_1972_limits_to_growth,1980s,https://openalex.org/W2088635138,https://doi.org/10.1126/science.223.4635.456,1984,article,en,False,,Engineering,Science,Infinite Resources: The Ultimate Strategy,no,no OA URL and not attempted — library physical/digital lookup required
meadows_1972_limits_to_growth,1970s,https://openalex.org/W2486998793,https://doi.org/10.1007/978-1-4613-4095-9_2,1978,book-chapter,en,False,,Psychology,,A conversation theoretic approach to social systems,no,no OA URL and not attempted — library physical/digital lookup required
meadows_1972_limits_to_growth,1980s,https://openalex.org/W1548506723,https://doi.org/10.1016/0195-9255(85)90050-2,1985,article,en,False,,Environmental Science,Environmental Impact Assessment Review,Cumulative impact assessment in environmental planning,no,no OA URL and not attempted — library physical/digital lookup required
meadows_1972_limits_to_growth,1970s,https://openalex.org/W2044427925,https://doi.org/10.1111/j.1536-7150.1978.tb01227.x,1978,article,en,False,,"Economics, Econometrics and Finance",American Journal of Economics and Sociology,Variations in Social Quality of Life Indicators in Medium Metropolitan Areas*,no,no OA URL and not attempted — library physical/digital lookup required
meadows_1972_limits_to_growth,1980s,https://openalex.org/W1523082801,https://doi.org/10.1016/0040-1625(80)90050-5,1980,article,en,False,,Psychology,Technological Forecasting and Social Change,What are the limits to man's time and space perspectives?,no,no OA URL and not attempted — library physical/digital lookup required
meadows_1972_limits_to_growth,1970s,https://openalex.org/W2009474379,https://doi.org/10.1080/00221546.1975.11777043,1975,article,en,False,,Social Sciences,The Journal of Higher Education,A Critique of Planning Models for Postsecondary Education,no,no OA URL and not attempted — library physical/digital lookup required
meadows_1972_limits_to_growth,1970s,https://openalex.org/W1980718229,https://doi.org/10.1016/0016-3287(76)90095-1,1976,article,en,False,,Computer Science,Futures,The importance of model structure,no,no OA URL and not attempted — library physical/digital lookup required
meadows_1972_limits_to_growth,1970s,https://openalex.org/W2024767327,https://doi.org/10.1177/000276427802200102,1978,article,en,False,,Environmental Science,American Behavioral Scientist,Geography as Human Ecology,no,no OA URL and not attempted — library physical/digital lookup required
meadows_1972_limits_to_growth,1980s,https://openalex.org/W2319680310,https://doi.org/10.1080/00213624.1985.11504439,1985,article,en,False,,Environmental Science,Journal of Economic Issues,"Economics, Ecology, and Entropy",no,no OA URL and not attempted — library physical/digital lookup required
meadows_1972_limits_to_growth,1980s,https://openalex.org/W648870194,https://doi.org/10.1007/978-94-009-3755-0_4,1987,book-chapter,en,False,,Social Sciences,,The Knowledge Interests of the Environmental Movement and its Potential for Influencing the Development of Science,no,no OA URL and not attempted — library physical/digital lookup required
meadows_1972_limits_to_growth,1970s,https://openalex.org/W97243756,https://doi.org/10.1007/978-3-642-96220-2_6,1974,book-chapter,en,False,,Environmental Science,Ecological studies,Non-linear Disease Progress Curves,no,no OA URL and not attempted — library physical/digital lookup required
meadows_1972_limits_to_growth,1980s,https://openalex.org/W2059127587,https://doi.org/10.1177/000276428002400107,1980,article,en,False,,Environmental Science,American Behavioral Scientist,Ecological Optimism in the Social Sciences,no,no OA URL and not attempted — library physical/digital lookup required
meadows_1972_limits_to_growth,1980s,https://openalex.org/W2158378956,https://doi.org/10.1002/sce.3730640312,1980,article,en,False,,Agricultural and Biological Sciences,Science Education,"Science, society, and science education",no,no OA URL and not attempted — library physical/digital lookup required
meadows_1972_limits_to_growth,1970s,https://openalex.org/W1967732278,https://doi.org/10.1177/030631277700700204,1977,article,en,False,,Environmental Science,Social Studies of Science,"Malthus, Multinationals and the Club of Rome",no,no OA URL and not attempted — library physical/digital lookup required
meadows_1972_limits_to_growth,1970s,https://openalex.org/W1988071223,https://doi.org/10.1002/sce.3730580115,1974,article,en,False,,Social Sciences,Science Education,Technology education for nonscience students in the secondary school,no,no OA URL and not attempted — library physical/digital lookup required
meadows_1972_limits_to_growth,1970s,https://openalex.org/W2023060540,https://doi.org/10.1177/0013916579111005,1979,article,en,False,,Environmental Science,Environment and Behavior,Perceptions of Crowding,no,no OA URL and not attempted — library physical/digital lookup required
meadows_1972_limits_to_growth,1970s,https://openalex.org/W2005061410,https://doi.org/10.1016/0007-6813(72)90042-0,1972,article,en,False,,Engineering,Business Horizons,Profiles of the future Monitoring for technological opportunities,no,no OA URL and not attempted — library physical/digital lookup required
meadows_1972_limits_to_growth,1970s,https://openalex.org/W2291481304,https://doi.org/10.2307/2600146,1977,article,en,False,,Environmental Science,International Studies Quarterly,The Anticipation of International Crises: Prospects for Theory and Research,no,no OA URL and not attempted — library physical/digital lookup required
meadows_1972_limits_to_growth,1980s,https://openalex.org/W1968126765,https://doi.org/10.1016/0304-3800(86)90078-5,1986,article,en,False,,Environmental Science,Ecological Modelling,A computer simulation model of the solar-algae pond ecosystem,no,no OA URL and not attempted — library physical/digital lookup required
meadows_1972_limits_to_growth,1980s,https://openalex.org/W1972795815,https://doi.org/10.1017/s0143814x00008680,1988,article,en,False,,Social Sciences,Journal of Public Policy,"The GLOBUS Model: Computer Simulation of Worldwide Political and Economic Developments edited by Stuart A. Bremer. Frankfurt am Main: Campus Verlag and Boulder, Colorado: Westview Press, 944 pp. $98.50",no,no OA URL and not attempted — library physical/digital lookup required
meadows_1972_limits_to_growth,1980s,https://openalex.org/W127405048,https://doi.org/10.1007/978-1-4757-1818-8_31,1984,book-chapter,en,False,,Decision Sciences,,Public Perception of Industrial Risks: A Free-Response Approach,no,no OA URL and not attempted — library physical/digital lookup required
meadows_1972_limits_to_growth,1970s,https://openalex.org/W2019747110,https://doi.org/10.1016/0024-6301(74)90009-0,1974,article,en,False,,"Economics, Econometrics and Finance",Long Range Planning,Planning and social change,no,no OA URL and not attempted — library physical/digital lookup required
meadows_1972_limits_to_growth,1970s,https://openalex.org/W1968587696,https://doi.org/10.1177/002234337901600305,1979,article,en,False,,Agricultural and Biological Sciences,Journal of Peace Research,Structural Violence at the World Level: Diachronic Findings,no,no OA URL and not attempted — library physical/digital lookup required
meadows_1972_limits_to_growth,1980s,https://openalex.org/W2069827443,https://doi.org/10.1111/j.1467-8330.1982.tb00034.x,1982,article,en,False,,Social Sciences,Antipode,Hunger: A Polemical Review*,no,no OA URL and not attempted — library physical/digital lookup required
meadows_1972_limits_to_growth,1980s,https://openalex.org/W2115311541,https://doi.org/10.1146/annurev.so.08.080182.000421,1982,article,en,False,,Agricultural and Biological Sciences,Annual Review of Sociology,Sociology and Social Forecasting,no,no OA URL and not attempted — library physical/digital lookup required
meadows_1972_limits_to_growth,1980s,https://openalex.org/W646216276,https://doi.org/10.1007/978-94-009-8739-5_2,1980,book-chapter,en,False,,Energy,Studies in applied regional sciences,Integrated Models for Economic-Energy-Environmental Impact Analysis,no,no OA URL and not attempted — library physical/digital lookup required
meadows_1972_limits_to_growth,1970s,https://openalex.org/W1986619621,https://doi.org/10.1016/0304-3800(75)90004-6,1975,article,en,False,,Engineering,Ecological Modelling,Mathematical modelling and environmental decision-making,no,no OA URL and not attempted — library physical/digital lookup required
meadows_1972_limits_to_growth,1980s,https://openalex.org/W2412892767,,1986,article,en,False,,Arts and Humanities,ACR North American Advances,Yuppies As Arbiters of the Emergin Consumption Style,no,no OA URL and not attempted — library physical/digital lookup required
meadows_1972_limits_to_growth,1980s,https://openalex.org/W1519270887,https://doi.org/10.1016/0016-3287(87)90003-6,1987,article,en,False,,Environmental Science,Futures,Global models,no,no OA URL and not attempted — library physical/digital lookup required
meadows_1972_limits_to_growth,1970s,https://openalex.org/W1982822566,https://doi.org/10.1177/002216787401400102,1974,article,en,False,,"Economics, Econometrics and Finance",Journal of Humanistic Psychology,Humanistic Capitalism: Another Alternative,no,no OA URL and not attempted — library physical/digital lookup required
meadows_1972_limits_to_growth,1980s,https://openalex.org/W2074334485,https://doi.org/10.1016/0016-3287(82)90083-0,1982,article,en,False,,Decision Sciences,Futures,Global modelling revisited,no,no OA URL and not attempted — library physical/digital lookup required
meadows_1972_limits_to_growth,1980s,https://openalex.org/W1988894834,https://doi.org/10.1080/02688867.1989.9726723,1989,article,en,True,https://www.tandfonline.com/doi/pdf/10.1080/02688867.1989.9726723?needAccess=true,Decision Sciences,Project Appraisal,Management trends for major projects,no,"OA URL present, not sampled in this run — extend automated extraction first"
meadows_1972_limits_to_growth,1980s,https://openalex.org/W2045855461,https://doi.org/10.1007/bf00513459,1989,article,en,False,,"Economics, Econometrics and Finance",Social Indicators Research,Measuring natural resource scarcity,no,no OA URL and not attempted — library physical/digital lookup required
meadows_1972_limits_to_growth,1970s,https://openalex.org/W2060321698,https://doi.org/10.1016/0016-3287(77)90094-5,1977,article,en,False,,Environmental Science,Futures,Modelling the influence of decision makers on the future,no,no OA URL and not attempted — library physical/digital lookup required
meadows_1972_limits_to_growth,1980s,https://openalex.org/W2060940803,https://doi.org/10.1007/bf01866964,1984,article,en,False,,Environmental Science,Environmental Management,Project appraisal and planning for overdeveloped countries: I. The costing of nonrenewable resources,no,no OA URL and not attempted — library physical/digital lookup required
meadows_1972_limits_to_growth,1970s,https://openalex.org/W2119487903,https://doi.org/10.1017/s0020818300026631,1978,article,en,False,,Social Sciences,International Organization,The World Order Models Project and its Critics: A Reply,no,no OA URL and not attempted — library physical/digital lookup required
meadows_1972_limits_to_growth,1970s,https://openalex.org/W1600721529,,1973,article,en,False,,Environmental Science,American Economic Review,Today's Apocalypses and Yesterday's,no,no OA URL and not attempted — library physical/digital lookup required
meadows_1972_limits_to_growth,1970s,https://openalex.org/W2004594164,https://doi.org/10.1016/0024-6301(74)90053-3,1974,article,en,False,,"Business, Management and Accounting",Long Range Planning,Forecasting the future business environment— The state of the art,no,no OA URL and not attempted — library physical/digital lookup required
meadows_1972_limits_to_growth,1970s,https://openalex.org/W2041083240,https://doi.org/10.2307/4445932,1977,article,en,False,,Agricultural and Biological Sciences,The American Biology Teacher,Toward a Third Century of Science Education,no,no OA URL and not attempted — library physical/digital lookup required
meadows_1972_limits_to_growth,1970s,https://openalex.org/W2063653786,https://doi.org/10.1086/288769,1977,article,en,False,,Engineering,Philosophy of Science,Philosophical Issues in Technology Assessment,no,no OA URL and not attempted — library physical/digital lookup required
meadows_1972_limits_to_growth,1970s,https://openalex.org/W2000152030,https://doi.org/10.1016/0016-7185(77)90009-4,1977,article,en,False,,Environmental Science,Geoforum,Population pressure in rural Kenya,no,no OA URL and not attempted — library physical/digital lookup required
meadows_1972_limits_to_growth,1980s,https://openalex.org/W2069845602,https://doi.org/10.1177/000276428002400105,1980,article,en,False,,"Economics, Econometrics and Finance",American Behavioral Scientist,Growth Economics and the Fallacy of Misplaced Concreteness,no,no OA URL and not attempted — library physical/digital lookup required
meadows_1972_limits_to_growth,1970s,https://openalex.org/W2175310839,https://doi.org/10.1146/annurev.eg.02.110177.001101,1977,article,en,False,,Environmental Science,Annual Review of Energy,Global and International Energy Models: A Survey,no,no OA URL and not attempted — library physical/digital lookup required
meadows_1972_limits_to_growth,1970s,https://openalex.org/W1965763047,https://doi.org/10.1016/0301-4207(75)90074-4,1975,article,en,False,,Engineering,Resources Policy,‘Reserves’ as a leading indicator to future mineral production,no,no OA URL and not attempted — library physical/digital lookup required
meadows_1972_limits_to_growth,1980s,https://openalex.org/W1967459567,https://doi.org/10.1016/0301-4207(88)90049-9,1988,article,en,False,,Engineering,Resources Policy,A reassessment of the strategic materials question,no,no OA URL and not attempted — library physical/digital lookup required
meadows_1972_limits_to_growth,1970s,https://openalex.org/W2041073616,https://doi.org/10.1016/0013-9327(76)90010-0,1976,article,en,False,,Social Sciences,Environmental Pollution (1970),Some aspects of lead pollution in Rio de Janeiro,no,no OA URL and not attempted — library physical/digital lookup required
meadows_1972_limits_to_growth,1980s,https://openalex.org/W2064882635,https://doi.org/10.1177/0193841x8901300308,1989,article,en,False,,"Business, Management and Accounting",Evaluation Review,Evaluating Appropriate Technology for Development,no,no OA URL and not attempted — library physical/digital lookup required
meadows_1972_limits_to_growth,1980s,https://openalex.org/W2096031397,https://doi.org/10.1017/s0026749x00009215,1987,article,en,False,,"Economics, Econometrics and Finance",Modern Asian Studies,The Great Depression and Indian Industry: Changing Interpretations and Changing Perceptions,no,no OA URL and not attempted — library physical/digital lookup required
meadows_1972_limits_to_growth,1970s,https://openalex.org/W2408813433,,1976,article,en,False,,Environmental Science,,The Passing of the Dominant Paradigm,no,no OA URL and not attempted — library physical/digital lookup required
meadows_1972_limits_to_growth,1980s,https://openalex.org/W1991448096,https://doi.org/10.1007/bf00598635,1981,article,en,False,,Social Sciences,International Review of Education,Basic needs: New approach to development ? But new approach to education?,no,no OA URL and not attempted — library physical/digital lookup required
meadows_1972_limits_to_growth,1980s,https://openalex.org/W2021553747,https://doi.org/10.1016/0160-4120(87)90050-x,1987,article,en,False,,Computer Science,Environment International,The exploitation of Antarctic minerals,no,no OA URL and not attempted — library physical/digital lookup required
meadows_1972_limits_to_growth,1980s,https://openalex.org/W2033295597,https://doi.org/10.1016/0169-4758(86)90146-8,1986,article,en,False,,Immunology and Microbiology,Parasitology Today,The case for mathematical modelling of schistosomiasis,no,no OA URL and not attempted — library physical/digital lookup required
meadows_1972_limits_to_growth,1980s,https://openalex.org/W2567545249,https://doi.org/10.1080/00213624.1982.11503998,1982,article,en,False,,Arts and Humanities,Journal of Economic Issues,The Economics of Love; or an Attempt at Gandhian Economics,no,no OA URL and not attempted — library physical/digital lookup required
meadows_1972_limits_to_growth,1980s,https://openalex.org/W1994942645,https://doi.org/10.1070/pu1980v023n07abeh005117,1980,article,en,False,,Earth and Planetary Sciences,Soviet Physics Uspekhi,Energetics of the biosphere,no,no OA URL and not attempted — library physical/digital lookup required
meadows_1972_limits_to_growth,1970s,https://openalex.org/W1998848148,https://doi.org/10.1177/009539977700900105,1977,article,en,False,,Decision Sciences,Administration & Society,National Strategies for Technological Innovation,no,no OA URL and not attempted — library physical/digital lookup required
meadows_1972_limits_to_growth,1970s,https://openalex.org/W2010036094,https://doi.org/10.1007/bf00891280,1977,article,en,False,,"Economics, Econometrics and Finance",Human Ecology,The logic of catastrophe,no,no OA URL and not attempted — library physical/digital lookup required
meadows_1972_limits_to_growth,1970s,https://openalex.org/W1588402911,https://doi.org/10.1016/0016-3287(79)90048-x,1979,article,en,False,,"Economics, Econometrics and Finance",Futures,"Smith, Malthus, Ricardo, and Mill",no,no OA URL and not attempted — library physical/digital lookup required
meadows_1972_limits_to_growth,1980s,https://openalex.org/W2069073804,https://doi.org/10.1353/pbm.1985.0011,1985,article,en,False,,Environmental Science,Perspectives in biology and medicine,"""Therefore Choose Life"": Reconciling Medical and Environmental Bioethics",no,no OA URL and not attempted — library physical/digital lookup required
meadows_1972_limits_to_growth,1980s,https://openalex.org/W286673316,,1985,book,en,False,,Environmental Science,,Guide on Simulation and Gaming for Environmental Education.,no,no OA URL and not attempted — library physical/digital lookup required
meadows_1972_limits_to_growth,1980s,https://openalex.org/W135349579,https://doi.org/10.1007/978-1-4899-0429-4_19,1981,book-chapter,en,False,,Social Sciences,Critical issues in social justice,Law as a Social Trap,no,no OA URL and not attempted — library physical/digital lookup required
meadows_1972_limits_to_growth,1980s,https://openalex.org/W1501801165,https://doi.org/10.1016/0301-4215(81)90173-7,1981,article,en,False,,"Economics, Econometrics and Finance",Energy Policy,UK energy policy,no,no OA URL and not attempted — library physical/digital lookup required
meadows_1972_limits_to_growth,1980s,https://openalex.org/W1994839536,https://doi.org/10.1007/bf01036239,1984,article,en,False,,Computer Science,Mathematical Geology,Areal value assessment of the mineral resources endowment of Israel,no,no OA URL and not attempted — library physical/digital lookup required
meadows_1972_limits_to_growth,1970s,https://openalex.org/W2011921908,https://doi.org/10.1016/0040-1625(79)90053-2,1979,article,en,False,,Energy,Technological Forecasting and Social Change,Technological constraints on technological optimism,no,no OA URL and not attempted — library physical/digital lookup required
meadows_1972_limits_to_growth,1980s,https://openalex.org/W1586560750,https://doi.org/10.1016/0165-0572(83)90008-7,1983,article,en,False,,Engineering,Resources and Energy,Some evidence of price and cross-elasticities of mineral supply,no,no OA URL and not attempted — library physical/digital lookup required
meadows_1972_limits_to_growth,1970s,https://openalex.org/W1972732783,https://doi.org/10.2307/1965071,1973,review,en,False,,Environmental Science,Studies in Family Planning,A Review of the Population Sector in The Limits to Growth,no,no OA URL and not attempted — library physical/digital lookup required
meadows_1972_limits_to_growth,1980s,https://openalex.org/W2077641145,https://doi.org/10.1016/0016-3287(85)90004-7,1985,article,en,False,,Engineering,Futures,HIstorical perspective and environmental cost-benefit analysis,no,no OA URL and not attempted — library physical/digital lookup required
meadows_1972_limits_to_growth,1980s,https://openalex.org/W2079426488,https://doi.org/10.1016/0301-4207(81)90062-3,1981,article,en,False,,Earth and Planetary Sciences,Resources Policy,Manganese nodules and marine technology,no,no OA URL and not attempted — library physical/digital lookup required
meadows_1972_limits_to_growth,1970s,https://openalex.org/W1487460569,,1973,article,en,False,,Environmental Science,American Economic Review,"Population Growth, Resource Availability and Environmental Quality",no,no OA URL and not attempted — library physical/digital lookup required
meadows_1972_limits_to_growth,1970s,https://openalex.org/W2167460593,https://doi.org/10.1016/0306-9192(78)90079-9,1978,article,en,False,,Environmental Science,Food Policy,World food futures — growth with redistribution?,no,no OA URL and not attempted — library physical/digital lookup required
meadows_1972_limits_to_growth,1980s,https://openalex.org/W1992474536,https://doi.org/10.1007/bf00300661,1981,article,en,False,,Social Sciences,Social Indicators Research,Malthus and the social limits to growth,no,no OA URL and not attempted — library physical/digital lookup required
meadows_1972_limits_to_growth,1980s,https://openalex.org/W2089163852,https://doi.org/10.1080/02604027.1986.9972026,1986,article,en,False,,"Economics, Econometrics and Finance",World Futures,European economic development—with particular reference to the European periphery,no,no OA URL and not attempted — library physical/digital lookup required
meadows_1972_limits_to_growth,1980s,https://openalex.org/W1980472275,https://doi.org/10.1016/0277-9536(84)90194-1,1984,article,en,False,,"Economics, Econometrics and Finance",Social Science & Medicine,Assessment and implementation of health care priorities in developing countries; Incompatible paradigms and competing social systems,no,no OA URL and not attempted — library physical/digital lookup required
meadows_1972_limits_to_growth,1970s,https://openalex.org/W2059627987,https://doi.org/10.1007/bf02395108,1973,article,en,True,https://escholarship.org/uc/item/0x41348x,Arts and Humanities,Computers and the Humanities,Recent computer applications in cultural anthropology,no,"OA URL present, not sampled in this run — extend automated extraction first"
meadows_1972_limits_to_growth,1970s,https://openalex.org/W2063306041,https://doi.org/10.1037/0003-066x.33.7.631,1978,article,en,False,,Environmental Science,American Psychologist,Psychology and the future.,no,no OA URL and not attempted — library physical/digital lookup required
meadows_1972_limits_to_growth,1980s,https://openalex.org/W2032397124,https://doi.org/10.1080/03050628408434631,1984,article,en,False,,Social Sciences,International Interactions,Third world national security: Toward a new conceptual framework,no,no OA URL and not attempted — library physical/digital lookup required
meadows_1972_limits_to_growth,1970s,https://openalex.org/W1976798650,https://doi.org/10.1525/aa.1976.78.4.02a00070,1976,article,en,False,,Social Sciences,American Anthropologist,A Look at Academic Anthropology: Through a Graph Darkly,no,no OA URL and not attempted — library physical/digital lookup required
meadows_1972_limits_to_growth,1980s,https://openalex.org/W2122637529,https://doi.org/10.1093/wbro/4.1.23,1989,article,en,False,,Social Sciences,The World Bank Research Observer,ECONOMIC ANALYSES OF RAPID POPULATION GROWTH,no,no OA URL and not attempted — library physical/digital lookup required
meadows_1972_limits_to_growth,1980s,https://openalex.org/W1964854685,https://doi.org/10.1016/0264-8377(84)90093-0,1984,article,en,False,,Agricultural and Biological Sciences,Land Use Policy,Farmland protection: a case of quality not quantity,no,no OA URL and not attempted — library physical/digital lookup required
meadows_1972_limits_to_growth,1970s,https://openalex.org/W2331022385,https://doi.org/10.1016/0016-3287(78)90035-6,1978,article,en,False,,Environmental Science,Futures,Modelling with scenarios,no,no OA URL and not attempted — library physical/digital lookup required
meadows_1972_limits_to_growth,1970s,https://openalex.org/W1980982300,https://doi.org/10.1016/0307-904x(78)90043-4,1978,article,en,False,,Physics and Astronomy,Applied Mathematical Modelling,Structural parameter sensitivity of the ‘limits to growth’ world model,no,no OA URL and not attempted — library physical/digital lookup required
meadows_1972_limits_to_growth,1970s,https://openalex.org/W2102564544,https://doi.org/10.1002/bs.3830190507,1974,article,en,False,,Social Sciences,Systems Research and Behavioral Science,The use of simulation for decision making,no,no OA URL and not attempted — library physical/digital lookup required
meadows_1972_limits_to_growth,1970s,https://openalex.org/W2022537467,https://doi.org/10.1126/science.182.4119.1315,1973,article,en,False,,Environmental Science,Science,To Grow or Not to Grow: That's Not the Relevant Question,no,no OA URL and not attempted — library physical/digital lookup required
meadows_1972_limits_to_growth,1970s,https://openalex.org/W2033831503,https://doi.org/10.1038/242561a0,1973,article,en,False,,Decision Sciences,Nature,Features of a Closed-system Economy,no,no OA URL and not attempted — library physical/digital lookup required
meadows_1972_limits_to_growth,1970s,https://openalex.org/W2091405296,https://doi.org/10.1016/0025-5416(75)90192-5,1975,article,en,False,,Environmental Science,Materials Science and Engineering,"On monarch, malthus and materials",no,no OA URL and not attempted — library physical/digital lookup required
meadows_1972_limits_to_growth,1970s,https://openalex.org/W2100385260,https://doi.org/10.1017/s0022050700089348,1974,article,en,False,,"Economics, Econometrics and Finance",The Journal of Economic History,Land Scarcity and American Growth,no,no OA URL and not attempted — library physical/digital lookup required
meadows_1972_limits_to_growth,1980s,https://openalex.org/W2072641446,https://doi.org/10.1353/pbm.1988.0045,1988,article,en,False,,Arts and Humanities,Perspectives in biology and medicine,Eight Fallacies of the Modern World and Five Axioms for a Postmodern Worldview,no,no OA URL and not attempted — library physical/digital lookup required
meadows_1972_limits_to_growth,1970s,https://openalex.org/W1546577335,https://doi.org/10.1016/0016-3287(74)90074-3,1974,article,en,False,,Environmental Science,Futures,Problems of world food and agriculture,no,no OA URL and not attempted — library physical/digital lookup required
meadows_1972_limits_to_growth,1970s,https://openalex.org/W2035243896,https://doi.org/10.1016/0016-3287(73)90084-0,1973,article,en,False,,Decision Sciences,Futures,13. System dynamics and technocracy,no,no OA URL and not attempted — library physical/digital lookup required
meadows_1972_limits_to_growth,1970s,https://openalex.org/W2028065430,https://doi.org/10.1016/0301-4207(78)90041-7,1978,article,en,False,,Environmental Science,Resources Policy,The conflict between first cost and recyclability in the design of manufactured goods,no,no OA URL and not attempted — library physical/digital lookup required
meadows_1972_limits_to_growth,1970s,https://openalex.org/W2265366367,https://doi.org/10.1007/bf03355776,1972,article,en,False,,Environmental Science,JOM,Engineers and the environment,no,no OA URL and not attempted — library physical/digital lookup required
meadows_1972_limits_to_growth,1980s,https://openalex.org/W2037913203,https://doi.org/10.1016/0016-3287(84)90042-9,1984,article,en,False,,Decision Sciences,Futures,Using qualitative historical observations in predicting the future,no,no OA URL and not attempted — library physical/digital lookup required
meadows_1972_limits_to_growth,1980s,https://openalex.org/W2066048369,https://doi.org/10.2307/2808096,1988,article,en,False,,Environmental Science,Population and Development Review,Human Population from an Ecological Perspective,no,no OA URL and not attempted — library physical/digital lookup required
meadows_1972_limits_to_growth,1970s,https://openalex.org/W2087275441,https://doi.org/10.1016/0040-1625(76)90015-9,1976,article,en,False,,Decision Sciences,Technological Forecasting and Social Change,Mathematical model building and public policy: The games some bureaucrats play,no,no OA URL and not attempted — library physical/digital lookup required
meadows_1972_limits_to_growth,1980s,https://openalex.org/W2213204314,https://doi.org/10.1007/978-3-642-81453-2_2,1980,book-chapter,en,False,,Materials Science,,Present Structure and Future Trends in Key Materials Industries,no,no OA URL and not attempted — library physical/digital lookup required
meadows_1972_limits_to_growth,1980s,https://openalex.org/W2946185717,https://doi.org/10.1007/bf02093035,1980,article,en,False,,Environmental Science,Environmental Geochemistry and Health,Development and the environment in the next two decades,no,no OA URL and not attempted — library physical/digital lookup required
meadows_1972_limits_to_growth,1970s,https://openalex.org/W321385297,https://doi.org/10.1007/978-3-642-80733-6_9,1973,book-chapter,en,False,,"Economics, Econometrics and Finance",Lecture notes in economics and mathematical systems,The Dynamics of Global Equilibrium,no,no OA URL and not attempted — library physical/digital lookup required
meadows_1972_limits_to_growth,1980s,https://openalex.org/W1981733933,https://doi.org/10.1080/17486838908412685,1989,article,en,False,,Arts and Humanities,Journal of International and Comparative Social Welfare,"Gandhian Development: An Exploration Of The Conceptual, Structural, And Valuational Linkages",no,no OA URL and not attempted — library physical/digital lookup required
meadows_1972_limits_to_growth,1970s,https://openalex.org/W2091861763,https://doi.org/10.1177/019263657806241903,1978,article,en,False,,Social Sciences,NASSP Bulletin,The Case for Alternative-Energy Education,no,no OA URL and not attempted — library physical/digital lookup required
meadows_1972_limits_to_growth,1980s,https://openalex.org/W2019672538,https://doi.org/10.1002/j.2164-4683.1984.tb00253.x,1984,article,en,False,,Psychology,The Journal of Humanistic Education and Development,Preventing Adolescent Drug Abuse,no,no OA URL and not attempted — library physical/digital lookup required
meadows_1972_limits_to_growth,1970s,https://openalex.org/W2034867022,https://doi.org/10.1037/h0035096,1973,article,en,False,,Psychology,American Psychologist,Is psychology relevant to new priorities?,no,no OA URL and not attempted — library physical/digital lookup required
meadows_1972_limits_to_growth,1970s,https://openalex.org/W2093445007,https://doi.org/10.2307/1296696,1974,article,en,False,,Arts and Humanities,BioScience,"Success, Succession, and Adam Smith",no,no OA URL and not attempted — library physical/digital lookup required
meadows_1972_limits_to_growth,1980s,https://openalex.org/W2008487403,https://doi.org/10.1057/jors.1983.168,1983,article,en,False,,Decision Sciences,Journal of the Operational Research Society,Model Design Based on the Systems Approach,no,no OA URL and not attempted — library physical/digital lookup required
meadows_1972_limits_to_growth,1980s,https://openalex.org/W2026145406,https://doi.org/10.1007/bf02184940,1982,article,en,False,,Agricultural and Biological Sciences,International Journal of Biometeorology,A feasible crop yield model for worldwide international food production,no,no OA URL and not attempted — library physical/digital lookup required
meadows_1972_limits_to_growth,1970s,https://openalex.org/W1978394620,https://doi.org/10.1126/science.202.4373.1151,1978,article,en,False,,Engineering,Science,"Iron Ore: Energy, Labor, and Capital Changes with Technology",no,no OA URL and not attempted — library physical/digital lookup required
meadows_1972_limits_to_growth,1970s,https://openalex.org/W2752723290,,1977,article,en,False,,Environmental Science,,Hail Suppression Impacts and Issues,no,no OA URL and not attempted — library physical/digital lookup required
meadows_1972_limits_to_growth,1970s,https://openalex.org/W2002368443,https://doi.org/10.1111/j.1435-5597.1973.tb01908.x,1973,article,en,False,,Environmental Science,Papers of the Regional Science Association,A REGIONAL INTERINDUSTRY ENVIRONMENTAL MODEL,no,no OA URL and not attempted — library physical/digital lookup required
meadows_1972_limits_to_growth,1970s,https://openalex.org/W2012959831,https://doi.org/10.1016/0016-3287(77)90048-9,1977,article,en,False,,Environmental Science,Futures,SARUM 76—A global modelling project,no,no OA URL and not attempted — library physical/digital lookup required
meadows_1972_limits_to_growth,1970s,https://openalex.org/W2332336438,https://doi.org/10.2307/2600118,1976,article,en,False,,Social Sciences,International Studies Quarterly,A Global Monitoring System: Appraising the Effects of Government on Human Dignity,no,no OA URL and not attempted — library physical/digital lookup required
meadows_1972_limits_to_growth,1970s,https://openalex.org/W1979598796,https://doi.org/10.1016/0016-3287(78)90102-7,1978,article,en,False,,Decision Sciences,Futures,Experiments with an “intelligent” world model,no,no OA URL and not attempted — library physical/digital lookup required
meadows_1972_limits_to_growth,1980s,https://openalex.org/W2088294101,https://doi.org/10.1016/s0022-5193(84)80079-x,1984,article,en,False,,"Biochemistry, Genetics and Molecular Biology",Journal of Theoretical Biology,Computer programs as theories in biology,no,no OA URL and not attempted — library physical/digital lookup required
meadows_1972_limits_to_growth,1980s,https://openalex.org/W2027869463,https://doi.org/10.1016/0360-5442(87)90051-x,1987,article,en,True,https://hdl.handle.net/2027.42/26562,Engineering,Energy,Energy demand and materials flows in the economy,no,"OA URL present, not sampled in this run — extend automated extraction first"
meadows_1972_limits_to_growth,1970s,https://openalex.org/W2045686424,https://doi.org/10.1016/0016-3287(78)90139-8,1978,article,en,False,,Social Sciences,Futures,Scenarios of world development,no,no OA URL and not attempted — library physical/digital lookup required
meadows_1972_limits_to_growth,1970s,https://openalex.org/W2038221084,https://doi.org/10.1038/243063a0,1973,article,en,False,,Social Sciences,Nature,“Backcasting” with the World Dynamics Models,no,no OA URL and not attempted — library physical/digital lookup required
meadows_1972_limits_to_growth,1970s,https://openalex.org/W2493208420,https://doi.org/10.1007/978-1-349-02151-2_2,1974,book-chapter,en,False,,"Economics, Econometrics and Finance",Palgrave Macmillan UK eBooks,"Industrial Structure, Growth and Residual Flows",no,no OA URL and not attempted — library physical/digital lookup required
meadows_1972_limits_to_growth,1980s,https://openalex.org/W1523983407,https://doi.org/10.1007/978-1-349-19014-0_3,1988,book-chapter,en,True,http://www.raco.cat/index.php/AnuariEconomia/article/view/20588,Environmental Science,Palgrave Macmillan UK eBooks,‘Poverty and Progress’ Revisited,no,"OA URL present, not sampled in this run — extend automated extraction first"
meadows_1972_limits_to_growth,1980s,https://openalex.org/W2001462464,https://doi.org/10.1007/bf02686996,1988,article,en,False,,"Economics, Econometrics and Finance",Studies in Comparative International Development,The asymmetry of interdependence: The united states and the geopolitics of international financial relations,no,no OA URL and not attempted — library physical/digital lookup required
meadows_1972_limits_to_growth,1980s,https://openalex.org/W2028410580,https://doi.org/10.1016/0024-6301(89)90122-2,1989,article,en,False,,"Economics, Econometrics and Finance",Long Range Planning,Management in the 21st century,no,no OA URL and not attempted — library physical/digital lookup required
meadows_1972_limits_to_growth,1970s,https://openalex.org/W2045512356,https://doi.org/10.1002/bs.3830220107,1977,article,en,False,,Computer Science,Systems Research and Behavioral Science,Time horizon: The moving boundary,no,no OA URL and not attempted — library physical/digital lookup required
meadows_1972_limits_to_growth,1970s,https://openalex.org/W2062463953,https://doi.org/10.1016/0016-3287(74)90045-7,1974,article,en,False,,Environmental Science,Futures,"World models, their progress and applicability",no,no OA URL and not attempted — library physical/digital lookup required
meadows_1972_limits_to_growth,1970s,https://openalex.org/W2111792640,https://doi.org/10.1016/0040-1625(76)90021-4,1976,article,en,False,,Computer Science,Technological Forecasting and Social Change,Social values and the limits to growth,no,no OA URL and not attempted — library physical/digital lookup required
meadows_1972_limits_to_growth,1970s,https://openalex.org/W1976623418,https://doi.org/10.2307/2296529,1975,article,en,False,,"Economics, Econometrics and Finance",The Review of Economic Studies,Natural Resources and Growing Population,no,no OA URL and not attempted — library physical/digital lookup required
meadows_1972_limits_to_growth,1970s,https://openalex.org/W2005464540,https://doi.org/10.1016/0304-3746(76)90121-9,1976,article,en,False,,Environmental Science,Agro-Ecosystems,Soil loss: An overview,no,no OA URL and not attempted — library physical/digital lookup required
meadows_1972_limits_to_growth,1980s,https://openalex.org/W1984216967,https://doi.org/10.1080/00958964.1987.10801958,1987,article,en,False,,Environmental Science,The Journal of Environmental Education,Cultural Ecology and Environmental Education,no,no OA URL and not attempted — library physical/digital lookup required
meadows_1972_limits_to_growth,1970s,https://openalex.org/W1984572229,https://doi.org/10.1016/0161-8938(79)90008-5,1979,article,en,False,,"Economics, Econometrics and Finance",Journal of Policy Modeling,Toward integrated global models: From economic engineering to social science modeling,no,no OA URL and not attempted — library physical/digital lookup required
meadows_1972_limits_to_growth,1980s,https://openalex.org/W2031421651,https://doi.org/10.1080/01436598208419644,1982,review,en,False,,Environmental Science,Third World Quarterly,Environment and sustained development in the third world: A review of the past decade,no,no OA URL and not attempted — library physical/digital lookup required
meadows_1972_limits_to_growth,1980s,https://openalex.org/W2066473691,https://doi.org/10.1177/0022167884242002,1984,article,en,False,,Social Sciences,Journal of Humanistic Psychology,Humanistic Psychology,no,no OA URL and not attempted — library physical/digital lookup required
meadows_1972_limits_to_growth,1970s,https://openalex.org/W2077089615,https://doi.org/10.22004/ag.econ.268970,1975,article,en,True,https://ageconsearch.umn.edu/record/268970/files/twerp072.pdf,"Economics, Econometrics and Finance",RePEc: Research Papers in Economics,POPULATION AND ECONOMIC GROWTH: A WORLD CROSS SECTION STUDY,no,"OA URL present, not sampled in this run — extend automated extraction first"
meadows_1972_limits_to_growth,1970s,https://openalex.org/W2321421058,https://doi.org/10.1080/00958964.1977.10801867,1977,article,en,False,,Environmental Science,The Journal of Environmental Education,The Study of Values in Environmental Education,no,no OA URL and not attempted — library physical/digital lookup required
meadows_1972_limits_to_growth,1970s,https://openalex.org/W2724646047,https://doi.org/10.5951/mt.71.4.0283,1978,article,en,False,,Environmental Science,Mathematics Teacher Learning and Teaching PK-12,"People, People, People",no,no OA URL and not attempted — library physical/digital lookup required
meadows_1972_limits_to_growth,1970s,https://openalex.org/W1971341407,https://doi.org/10.1016/0038-0121(74)90045-7,1974,article,en,False,,Environmental Science,Socio-Economic Planning Sciences,Computational techniques for analysis of system dynamics models of social systems,no,no OA URL and not attempted — library physical/digital lookup required
meadows_1972_limits_to_growth,1970s,https://openalex.org/W2011636035,https://doi.org/10.1016/0012-8252(72)90110-9,1972,article,en,False,,Engineering,Earth-Science Reviews,Mineral resource supplies and the limits of economic growth,no,no OA URL and not attempted — library physical/digital lookup required
meadows_1972_limits_to_growth,1980s,https://openalex.org/W2019705894,https://doi.org/10.1007/bf00441332,1984,article,en,False,,Social Sciences,Die Naturwissenschaften,"Chemicals, man and the environment",no,no OA URL and not attempted — library physical/digital lookup required
meadows_1972_limits_to_growth,1980s,https://openalex.org/W2024921854,https://doi.org/10.1111/j.1745-6606.1980.tb00670.x,1980,article,en,False,,"Business, Management and Accounting",Journal of Consumer Affairs,Consumer‐Interest Study in Higher Education: A Conceptual Analysis of an Emerging Discipline,no,no OA URL and not attempted — library physical/digital lookup required
meadows_1972_limits_to_growth,1970s,https://openalex.org/W2041498542,https://doi.org/10.1016/0040-1625(74)90028-6,1974,article,en,False,,Energy,Technological Forecasting and Social Change,Global constraints and a new vision for development—I,no,no OA URL and not attempted — library physical/digital lookup required
meadows_1972_limits_to_growth,1970s,https://openalex.org/W2320900273,https://doi.org/10.2307/2258727,1975,article,en,False,,Environmental Science,Journal of Ecology,Some Thoughts on the Behaviour of Ecologists,no,no OA URL and not attempted — library physical/digital lookup required
meadows_1972_limits_to_growth,1970s,https://openalex.org/W2005906753,https://doi.org/10.1016/0308-521x(76)90042-1,1976,article,en,False,,Environmental Science,Agricultural Systems,Essential probabilistics in modelling,no,no OA URL and not attempted — library physical/digital lookup required
meadows_1972_limits_to_growth,1970s,https://openalex.org/W1511740913,https://doi.org/10.1108/eb026546,1972,article,en,False,,Arts and Humanities,Journal of Documentation,PROGRESS IN DOCUMENTATION,no,no OA URL and not attempted — library physical/digital lookup required
meadows_1972_limits_to_growth,1980s,https://openalex.org/W1525398459,https://doi.org/10.1016/0040-1625(82)90018-x,1982,article,en,False,,Environmental Science,Technological Forecasting and Social Change,Toward a sustainable society,no,no OA URL and not attempted — library physical/digital lookup required
meadows_1972_limits_to_growth,1970s,https://openalex.org/W1556075682,,1973,article,en,False,,Environmental Science,American Economic Review,Increasing Scarcity: The Case of Energy Resources,no,no OA URL and not attempted — library physical/digital lookup required
meadows_1972_limits_to_growth,1980s,https://openalex.org/W2028576201,https://doi.org/10.1080/08941928909380683,1989,article,en,False,,Environmental Science,Society & Natural Resources,"Pro‐growth, limits to growth, and a sustainable development synthesis",no,no OA URL and not attempted — library physical/digital lookup required
meadows_1972_limits_to_growth,1980s,https://openalex.org/W2038153180,https://doi.org/10.1016/0066-4138(85)90324-6,1985,article,en,False,,Computer Science,Annual Review in Automatic Programming,Modelling and / for / by simulation,no,no OA URL and not attempted — library physical/digital lookup required
meadows_1972_limits_to_growth,1970s,https://openalex.org/W2039962413,https://doi.org/10.1016/s0307-904x(79)80044-x,1979,article,en,False,,"Economics, Econometrics and Finance",Applied Mathematical Modelling,Optimal depletion of an exhaustible resource,no,no OA URL and not attempted — library physical/digital lookup required
meadows_1972_limits_to_growth,1980s,https://openalex.org/W2057041052,https://doi.org/10.1017/s0376892900007220,1980,article,en,False,,Engineering,Environmental Conservation,Towards Protection of Scenic Resources,no,no OA URL and not attempted — library physical/digital lookup required
meadows_1972_limits_to_growth,1970s,https://openalex.org/W1569777314,https://doi.org/10.2307/3145137,1975,article,en,False,,Environmental Science,Land Economics,On Some Models of World Cataclysm,no,no OA URL and not attempted — library physical/digital lookup required
meadows_1972_limits_to_growth,1970s,https://openalex.org/W1967980664,https://doi.org/10.1016/0005-1098(73)90065-4,1973,article,en,False,,Environmental Science,Automatica,World dynamics: Two simplified versions of Forrester's model,no,no OA URL and not attempted — library physical/digital lookup required
meadows_1972_limits_to_growth,1970s,https://openalex.org/W1971410725,https://doi.org/10.2307/800370,1979,article,en,False,,Environmental Science,Social Problems,Support for Resource Conservation: A Prediction Model,no,no OA URL and not attempted — library physical/digital lookup required
meadows_1972_limits_to_growth,1980s,https://openalex.org/W2063635152,https://doi.org/10.1002/for.3980070207,1988,article,en,False,,Computer Science,Journal of Forecasting,"Air quality and resource development. A risk assessment in the hunter region in Australia by Jakeman, A. J. and Simpson, R. W., CRES Monograph No. 16, Centre for Resource and Environmental Studies, Australian National University, Canberra, Australia",no,no OA URL and not attempted — library physical/digital lookup required
meadows_1972_limits_to_growth,1970s,https://openalex.org/W2069304006,https://doi.org/10.1287/inte.6.1.1,1975,article,en,False,,Decision Sciences,INFORMS Journal on Applied Analytics,New Directions for Urban Analysis,no,no OA URL and not attempted — library physical/digital lookup required
meadows_1972_limits_to_growth,1980s,https://openalex.org/W2077610895,https://doi.org/10.1111/j.1533-8525.1982.tb01026.x,1982,article,en,False,,Environmental Science,Sociological Quarterly,Post—Functional Social Systems Analysis,no,no OA URL and not attempted — library physical/digital lookup required
meadows_1972_limits_to_growth,1970s,https://openalex.org/W1969868523,https://doi.org/10.1002/bs.3830220506,1977,article,en,False,,Decision Sciences,Systems Research and Behavioral Science,Experimental: A simulation of the distribution of services to mentally deficient children,no,no OA URL and not attempted — library physical/digital lookup required
meadows_1972_limits_to_growth,1970s,https://openalex.org/W1979129549,https://doi.org/10.1177/104687817500600201,1975,article,en,False,,Decision Sciences,Simulation & Games,On the Limitations of Simulation in Model Evaluation and Decision Analysis,no,no OA URL and not attempted — library physical/digital lookup required
meadows_1972_limits_to_growth,1970s,https://openalex.org/W1985253984,https://doi.org/10.1038/245127a0,1973,article,en,False,,"Economics, Econometrics and Finance",Nature,Hope for the Technological Solution,no,no OA URL and not attempted — library physical/digital lookup required
meadows_1972_limits_to_growth,1970s,https://openalex.org/W2037858989,https://doi.org/10.1007/bf02409322,1975,article,en,False,,Physics and Astronomy,Annals of Biomedical Engineering,"On nature, man, and society: A basis for scientific modeling",no,no OA URL and not attempted — library physical/digital lookup required
meadows_1972_limits_to_growth,1970s,https://openalex.org/W2061565487,https://doi.org/10.1016/0304-1131(75)90037-5,1975,article,en,False,,Environmental Science,Agriculture and Environment,Environmental impacts of increasing the world's food production,no,no OA URL and not attempted — library physical/digital lookup required
meadows_1972_limits_to_growth,1970s,https://openalex.org/W2069691189,https://doi.org/10.1016/0040-1625(75)90034-7,1975,article,en,False,,Decision Sciences,Technological Forecasting and Social Change,Deterministic trend cross-impact forecasting,no,no OA URL and not attempted — library physical/digital lookup required
meadows_1972_limits_to_growth,1980s,https://openalex.org/W2171133789,https://doi.org/10.1177/027614678200200104,1982,article,en,False,,"Business, Management and Accounting",Journal of Macromarketing,Judging Marketing in the 1980's,no,no OA URL and not attempted — library physical/digital lookup required
meadows_1972_limits_to_growth,1970s,https://openalex.org/W2173170321,https://doi.org/10.1080/00323267808401636,1978,article,en,False,,Social Sciences,Politics,Competing theoretical perspectives on development and underdevelopment: A recent intellectual history,no,no OA URL and not attempted — library physical/digital lookup required
meadows_1972_limits_to_growth,1980s,https://openalex.org/W296461446,https://doi.org/10.1126/science.3413478,1988,article,en,False,,Psychology,Science,IIASA's Credibility,no,no OA URL and not attempted — library physical/digital lookup required
meadows_1972_limits_to_growth,1970s,https://openalex.org/W1997568277,https://doi.org/10.1007/bf00271634,1974,article,en,False,,Environmental Science,Kybernetik,Limits to growth from Volterra theory of population,no,no OA URL and not attempted — library physical/digital lookup required
meadows_1972_limits_to_growth,1970s,https://openalex.org/W2005620650,https://doi.org/10.2307/3549208,1976,article,en,False,,Environmental Science,Canadian Public Policy,Economists and the Growth Controversy,no,no OA URL and not attempted — library physical/digital lookup required
meadows_1972_limits_to_growth,1970s,https://openalex.org/W2077913230,https://doi.org/10.1080/00346767300000003,1973,article,en,False,,"Economics, Econometrics and Finance",Review of Social Economy,The Potential of<i>Social</i>Ecology for Economic Science,no,no OA URL and not attempted — library physical/digital lookup required
meadows_1972_limits_to_growth,1980s,https://openalex.org/W2087984017,https://doi.org/10.2307/1240740,1982,article,en,False,,Environmental Science,American Journal of Agricultural Economics,Agriculture and Natural Resource Adequacy,no,no OA URL and not attempted — library physical/digital lookup required
meadows_1972_limits_to_growth,1970s,https://openalex.org/W2119736539,https://doi.org/10.1177/001872677602900101,1976,article,en,False,,"Business, Management and Accounting",Human Relations,T-Groups-Twenty Years on,no,no OA URL and not attempted — library physical/digital lookup required
meadows_1972_limits_to_growth,1970s,https://openalex.org/W2167509387,https://doi.org/10.1016/0013-7480(78)90081-5,1978,article,en,False,,Energy,Energy Conversion,On photo fuel,no,no OA URL and not attempted — library physical/digital lookup required
meadows_1972_limits_to_growth,1970s,https://openalex.org/W2411504754,https://doi.org/10.1007/978-1-349-15703-7_1,1976,book-chapter,en,False,,"Business, Management and Accounting",Marketing,Evolution of the Marketing Concept,no,no OA URL and not attempted — library physical/digital lookup required
meadows_1972_limits_to_growth,1980s,https://openalex.org/W2044706395,https://doi.org/10.1177/009539978401600104,1984,article,en,False,,"Economics, Econometrics and Finance",Administration & Society,"Public Choice, Pluralism, and Scarcity",no,no OA URL and not attempted — library physical/digital lookup required
meadows_1972_limits_to_growth,1980s,https://openalex.org/W2060396982,https://doi.org/10.1016/0024-6301(81)90012-1,1981,article,en,False,,Environmental Science,Long Range Planning,The world's changing climate—some issues for planners,no,no OA URL and not attempted — library physical/digital lookup required
meadows_1972_limits_to_growth,1970s,https://openalex.org/W2062949421,https://doi.org/10.1080/01944367608977728,1976,article,en,False,,Decision Sciences,Journal of the American Institute of Planners,An Overview of Social Forecasting Procedures,no,no OA URL and not attempted — library physical/digital lookup required
meadows_1972_limits_to_growth,1970s,https://openalex.org/W2087716724,https://doi.org/10.2307/2009924,1974,article,en,False,,Social Sciences,World Politics,Political Succession in China,no,no OA URL and not attempted — library physical/digital lookup required
meadows_1972_limits_to_growth,1970s,https://openalex.org/W2145381474,https://doi.org/10.1016/0040-1625(76)90019-6,1976,article,en,False,,"Economics, Econometrics and Finance",Technological Forecasting and Social Change,The impact of space colonization on world dynamics,no,no OA URL and not attempted — library physical/digital lookup required
meadows_1972_limits_to_growth,1970s,https://openalex.org/W2225058509,https://doi.org/10.1080/00323267508401491,1975,article,en,False,,Social Sciences,Politics,Party voting contagion in city regions,no,no OA URL and not attempted — library physical/digital lookup required
meadows_1972_limits_to_growth,1980s,https://openalex.org/W1541325530,https://doi.org/10.1016/0301-4207(82)90006-x,1982,article,en,False,,Energy,Resources Policy,Potentially recoverable resources,no,no OA URL and not attempted — library physical/digital lookup required
meadows_1972_limits_to_growth,1980s,https://openalex.org/W1571369480,https://doi.org/10.1016/0016-3287(86)90037-6,1986,article,en,False,,"Business, Management and Accounting",Futures,Patent trend analysis,no,no OA URL and not attempted — library physical/digital lookup required
meadows_1972_limits_to_growth,1980s,https://openalex.org/W2020160477,https://doi.org/10.1093/erae/10.4.325,1983,article,en,False,,Environmental Science,European Review of Agricultural Economics,A guide to LDC food balance projections,no,no OA URL and not attempted — library physical/digital lookup required
meadows_1972_limits_to_growth,1970s,https://openalex.org/W2058881722,https://doi.org/10.1007/bf02473780,1973,article,en,False,,Environmental Science,Materials and Structures,"Environment, pollution, energy and materials",no,no OA URL and not attempted — library physical/digital lookup required
meadows_1972_limits_to_growth,1980s,https://openalex.org/W2062220493,https://doi.org/10.1080/00948705.1982.9714385,1982,article,en,False,,Social Sciences,Journal of the Philosophy of Sport,"Play, Utopia, and Dystopia: Prologue to a Ludic Theory of the State",no,no OA URL and not attempted — library physical/digital lookup required
meadows_1972_limits_to_growth,1980s,https://openalex.org/W2097290569,https://doi.org/10.1177/0022002788032004001,1988,article,en,False,,"Economics, Econometrics and Finance",Journal of Conflict Resolution,Reagan's National Security Legacy,no,no OA URL and not attempted — library physical/digital lookup required
meadows_1972_limits_to_growth,1980s,https://openalex.org/W2137613901,https://doi.org/10.1017/s0376892900020038,1982,article,en,False,,Environmental Science,Environmental Conservation,Major Requirements for Environmental Education,no,no OA URL and not attempted — library physical/digital lookup required
meadows_1972_limits_to_growth,1980s,https://openalex.org/W2338642128,,1989,article,en,True,http://pure.iiasa.ac.at/id/eprint/3317/1/WP-89-027.pdf,Environmental Science,IIASA PURE (International Institute of Applied Systems Analysis),Reconciling Economic and Ecological Theory on Population,no,"OA URL present, not sampled in this run — extend automated extraction first"
meadows_1972_limits_to_growth,1980s,https://openalex.org/W1582191869,https://doi.org/10.1016/0040-1625(82)90051-8,1982,article,en,False,,Energy,Technological Forecasting and Social Change,Solar energy and the national energy dilemma,no,no OA URL and not attempted — library physical/digital lookup required
meadows_1972_limits_to_growth,1980s,https://openalex.org/W1966312019,https://doi.org/10.1163/156854284x00043,1984,article,en,False,,Social Sciences,Comparative Sociology,The Global Crisis and the Reflexiveness of the Social System,no,no OA URL and not attempted — library physical/digital lookup required
meadows_1972_limits_to_growth,1970s,https://openalex.org/W1982517609,https://doi.org/10.1016/0304-4009(75)90004-2,1975,article,en,False,,Environmental Science,Urban Ecology,Gardens for stepped terrace housing,no,no OA URL and not attempted — library physical/digital lookup required
meadows_1972_limits_to_growth,1970s,https://openalex.org/W1983449659,https://doi.org/10.1016/0305-0483(78)90050-6,1978,article,en,False,,"Business, Management and Accounting",Omega,The pressure for growth as an organizational problem,no,no OA URL and not attempted — library physical/digital lookup required
meadows_1972_limits_to_growth,1980s,https://openalex.org/W1998325103,https://doi.org/10.1016/0016-3287(82)90086-6,1982,article,en,False,,"Economics, Econometrics and Finance",Futures,An amphibian's view of forecasting and models,no,no OA URL and not attempted — library physical/digital lookup required
meadows_1972_limits_to_growth,1980s,https://openalex.org/W2010546493,https://doi.org/10.1016/0143-6228(85)90008-6,1985,article,en,False,,Social Sciences,Applied Geography,The economic value of children: a case study from rural India,no,no OA URL and not attempted — library physical/digital lookup required
meadows_1972_limits_to_growth,1970s,https://openalex.org/W2013823275,https://doi.org/10.1016/0016-3287(74)90018-4,1974,article,en,False,,Decision Sciences,Futures,The systems analysis of conflict,no,no OA URL and not attempted — library physical/digital lookup required
meadows_1972_limits_to_growth,1980s,https://openalex.org/W2029333661,https://doi.org/10.1007/bf00818824,1982,article,en,False,,Environmental Science,Studies in East European Thought,Soviet environmental policy parameters: The macro-value framework,no,no OA URL and not attempted — library physical/digital lookup required
meadows_1972_limits_to_growth,1970s,https://openalex.org/W2049995793,https://doi.org/10.1080/00219266.1978.9654185,1978,article,en,False,,Decision Sciences,Journal of Biological Education,Peer teaching and project planning,no,no OA URL and not attempted — library physical/digital lookup required
meadows_1972_limits_to_growth,1970s,https://openalex.org/W2082924333,https://doi.org/10.1086/410982,1979,review,en,False,,Environmental Science,The Quarterly Review of Biology,Milestones and Rates of Growth in the Development of Biology,no,no OA URL and not attempted — library physical/digital lookup required
meadows_1972_limits_to_growth,1970s,https://openalex.org/W2094699921,https://doi.org/10.2307/133962,1973,article,en,False,,Environmental Science,Canadian Journal of Economics/Revue canadienne d économique,"Adaptive Mechanisms, Growth, and the Environment: The Case of Natural Resources",no,no OA URL and not attempted — library physical/digital lookup required
meadows_1972_limits_to_growth,1980s,https://openalex.org/W2171834867,https://doi.org/10.3109/15563658308990411,1983,article,en,False,,Environmental Science,Journal of Toxicology Clinical Toxicology,Multimedia Fate and Transport Models: An Overview,no,no OA URL and not attempted — library physical/digital lookup required
meadows_1972_limits_to_growth,1970s,https://openalex.org/W2323138304,https://doi.org/10.2307/2600196,1977,article,en,False,,Physics and Astronomy,International Studies Quarterly,Politics of Scarcity versus Technological Optimism: A Possible Reconciliation?,no,no OA URL and not attempted — library physical/digital lookup required
meadows_1972_limits_to_growth,1980s,https://openalex.org/W2327592280,https://doi.org/10.2307/2757536,1980,article,en,False,,Environmental Science,Pacific Affairs,"Development and the Environment: Politics, Production and Pollution",no,no OA URL and not attempted — library physical/digital lookup required
meadows_1972_limits_to_growth,1970s,https://openalex.org/W2384843178,,1978,article,en,True,https://papers.ssrn.com/sol3/Delivery.cfm/SSRN_ID1725998_code624151.pdf?abstractid=1725998&mirid=3,Environmental Science,SSRN Electronic Journal,"Justice, Limits to Growth, and an Equilibrium State",no,"OA URL present, not sampled in this run — extend automated extraction first"
meadows_1972_limits_to_growth,1970s,https://openalex.org/W1532306612,https://doi.org/10.1016/0301-4207(77)90044-7,1977,article,en,False,,Environmental Science,Resources Policy,Natural resource availability,no,no OA URL and not attempted — library physical/digital lookup required
meadows_1972_limits_to_growth,1970s,https://openalex.org/W1566030345,https://doi.org/10.1016/0016-3287(74)90003-2,1974,article,en,False,,Mathematics,Futures,Organising the human world,no,no OA URL and not attempted — library physical/digital lookup required
meadows_1972_limits_to_growth,1980s,https://openalex.org/W1604128662,https://doi.org/10.1016/0301-4207(84)90031-x,1984,article,en,False,,"Economics, Econometrics and Finance",Resources Policy,Natural resource economics,no,no OA URL and not attempted — library physical/digital lookup required
meadows_1972_limits_to_growth,1970s,https://openalex.org/W1677645655,https://doi.org/10.1177/001872087802000309,1978,article,en,False,,Social Sciences,Human Factors The Journal of the Human Factors and Ergonomics Society,Some Human Factors and Related Socio-Technical Issues in Bringing Jobs to Disabled Persons via Computer-Telecommunications Technology,no,no OA URL and not attempted — library physical/digital lookup required
meadows_1972_limits_to_growth,1970s,https://openalex.org/W1972726779,https://doi.org/10.1016/0360-5442(77)90030-5,1977,article,en,False,,Energy,Energy,A policy-impact model for the supply of depletable resources with applications to crude oil,no,no OA URL and not attempted — library physical/digital lookup required
meadows_1972_limits_to_growth,1970s,https://openalex.org/W2021402745,https://doi.org/10.1016/0016-3287(74)90073-1,1974,article,en,False,,Health Professions,Futures,Long-term forecasting and the problem of large-scale wars,no,no OA URL and not attempted — library physical/digital lookup required
meadows_1972_limits_to_growth,1980s,https://openalex.org/W2022183727,https://doi.org/10.1007/bf01827028,1988,article,en,False,,Agricultural and Biological Sciences,Journal of Agricultural and Environmental Ethics,Future tasks for agriculture,no,no OA URL and not attempted — library physical/digital lookup required
meadows_1972_limits_to_growth,1980s,https://openalex.org/W2027466013,https://doi.org/10.1007/bf00143077,1982,article,en,False,,Energy,Policy Sciences,Interpreting model results ? examples from an energy model,no,no OA URL and not attempted — library physical/digital lookup required
meadows_1972_limits_to_growth,1970s,https://openalex.org/W2053890246,https://doi.org/10.1016/0307-904x(76)90020-2,1976,article,en,False,,Environmental Science,Applied Mathematical Modelling,A simple model of economic growth or decline under the influence of resource depletion,no,no OA URL and not attempted — library physical/digital lookup required
meadows_1972_limits_to_growth,1970s,https://openalex.org/W2059987658,https://doi.org/10.1016/0024-6301(76)90009-1,1976,article,en,True,http://usir.salford.ac.uk/id/eprint/883/,Energy,Long Range Planning,The energy market and energy planning,no,"OA URL present, not sampled in this run — extend automated extraction first"
meadows_1972_limits_to_growth,1980s,https://openalex.org/W206169085,https://doi.org/10.2307/1494282,1982,article,en,True,https://doi.org/10.2307/1494282,Social Sciences,Canadian Journal of Education / Revue canadienne de l éducation,A Conceptualization of Education in the Future,no,"OA URL present, not sampled in this run — extend automated extraction first"
meadows_1972_limits_to_growth,1970s,https://openalex.org/W2062087278,https://doi.org/10.1080/04353684.1979.11879447,1979,article,en,False,,Physics and Astronomy,Geografiska Annaler Series B Human Geography,Geographical Aspects of the “High Frontier” Concept,no,no OA URL and not attempted — library physical/digital lookup required
meadows_1972_limits_to_growth,1970s,https://openalex.org/W2071579671,https://doi.org/10.1080/00958964.1976.9941530,1976,article,en,False,,Environmental Science,The Journal of Environmental Education,Humanism and Environmental Education,no,no OA URL and not attempted — library physical/digital lookup required
meadows_1972_limits_to_growth,1970s,https://openalex.org/W2075146157,https://doi.org/10.1016/0305-0483(74)90051-6,1974,article,en,False,,Environmental Science,Omega,The carrying capacity of a region: A planning model,no,no OA URL and not attempted — library physical/digital lookup required
meadows_1972_limits_to_growth,1970s,https://openalex.org/W2084363547,https://doi.org/10.1057/jors.1978.143,1978,article,en,False,,Environmental Science,Journal of the Operational Research Society,Modelling for Natural Resource Utilization Analysis,no,no OA URL and not attempted — library physical/digital lookup required
meadows_1972_limits_to_growth,1970s,https://openalex.org/W2098162614,https://doi.org/10.1016/0038-0121(73)90044-x,1973,review,en,False,,"Economics, Econometrics and Finance",Socio-Economic Planning Sciences,A review of models of technological change with reference to the role of environmental resources,no,no OA URL and not attempted — library physical/digital lookup required
meadows_1972_limits_to_growth,1980s,https://openalex.org/W2128107167,https://doi.org/10.1016/s0251-1088(84)92432-x,1984,article,en,False,,Environmental Science,The Environmentalist,Environmentalism: A modern synthesis,no,no OA URL and not attempted — library physical/digital lookup required
meadows_1972_limits_to_growth,1970s,https://openalex.org/W249047406,https://doi.org/10.1016/0301-679x(77)90090-1,1977,article,en,False,,Environmental Science,Tribology International,Microbial spoilage of engineering materials,no,no OA URL and not attempted — library physical/digital lookup required
meadows_1972_limits_to_growth,1970s,https://openalex.org/W153046034,https://doi.org/10.1016/0016-3287(79)90005-3,1979,article,en,False,,Decision Sciences,Futures,"Form, change, and information",no,no OA URL and not attempted — library physical/digital lookup required
meadows_1972_limits_to_growth,1970s,https://openalex.org/W1559776154,https://doi.org/10.1016/0306-9192(79)90096-4,1979,article,en,False,,"Business, Management and Accounting",Food Policy,Food policies and prospects,no,no OA URL and not attempted — library physical/digital lookup required
meadows_1972_limits_to_growth,1970s,https://openalex.org/W1600147023,https://doi.org/10.1016/0016-3287(76)90125-7,1976,article,en,False,,Environmental Science,Futures,The chronospace,no,no OA URL and not attempted — library physical/digital lookup required
meadows_1972_limits_to_growth,1980s,https://openalex.org/W1990228104,https://doi.org/10.1080/03075078312331378964,1983,article,en,False,,Social Sciences,Studies in Higher Education,Where we are now,no,no OA URL and not attempted — library physical/digital lookup required
meadows_1972_limits_to_growth,1970s,https://openalex.org/W2002751108,https://doi.org/10.1007/bf03354455,1976,article,en,False,,Engineering,JOM,Metals—An endangered species?,no,no OA URL and not attempted — library physical/digital lookup required
meadows_1972_limits_to_growth,1980s,https://openalex.org/W2039919772,https://doi.org/10.1007/bf00887854,1981,article,en,False,,Social Sciences,Human Ecology,Trends in the perception of ecological problems in the United Nations general debates,no,no OA URL and not attempted — library physical/digital lookup required
meadows_1972_limits_to_growth,1970s,https://openalex.org/W2049699513,https://doi.org/10.1016/0305-0483(74)90050-4,1974,article,en,False,,Energy,Omega,Some issues in the current debate about energy and natural resources,no,no OA URL and not attempted — library physical/digital lookup required
meadows_1972_limits_to_growth,1970s,https://openalex.org/W2051520535,https://doi.org/10.1016/0142-694x(79)90009-7,1979,article,en,False,,Engineering,Design Studies,Speculations on the future practice of architecture,no,no OA URL and not attempted — library physical/digital lookup required
meadows_1972_limits_to_growth,1980s,https://openalex.org/W2054772149,https://doi.org/10.1049/ip-a-1:19850011,1985,article,en,False,,Decision Sciences,"IEE Proceedings A Physical Science, Measurement and Instrumentation, Management and Education, Reviews","An essay in futurology: groups, networks and complexity in the open society",no,no OA URL and not attempted — library physical/digital lookup required
meadows_1972_limits_to_growth,1970s,https://openalex.org/W2059550710,https://doi.org/10.1007/bf00138030,1975,article,en,False,,Decision Sciences,Policy Sciences,On normative futures research,no,no OA URL and not attempted — library physical/digital lookup required
meadows_1972_limits_to_growth,1970s,https://openalex.org/W2069513489,https://doi.org/10.1016/0301-4207(79)90055-2,1979,article,en,False,,Computer Science,Resources Policy,The resource base and mercury — a fresh perspective,no,no OA URL and not attempted — library physical/digital lookup required
meadows_1972_limits_to_growth,1970s,https://openalex.org/W2088318833,https://doi.org/10.1016/0301-4215(73)90021-9,1973,article,en,False,,Environmental Science,Energy Policy,The nuclear power paradox in the UK,no,no OA URL and not attempted — library physical/digital lookup required
meadows_1972_limits_to_growth,1980s,https://openalex.org/W2104828557,https://doi.org/10.1136/bmj.299.6706.1033-b,1989,article,en,True,https://www.ncbi.nlm.nih.gov/pmc/articles/1837919,Environmental Science,BMJ,Time for radical change,yes,had OA URL but extraction yielded 0 — likely PDF parsing limitation; library physical/digital lookup recommended
meadows_1972_limits_to_growth,1980s,https://openalex.org/W2158412147,https://doi.org/10.1177/089692058801500302,1988,article,en,False,,Social Sciences,Critical Sociology,"South Korea: The ""Miracle"" Rejected",no,no OA URL and not attempted — library physical/digital lookup required
meadows_1972_limits_to_growth,1970s,https://openalex.org/W2166226493,https://doi.org/10.1016/0301-4207(78)90013-2,1978,article,en,False,,Engineering,Resources Policy,World supply of non fuel minerals,no,no OA URL and not attempted — library physical/digital lookup required
meadows_1972_limits_to_growth,1970s,https://openalex.org/W2502490620,https://doi.org/10.1007/978-1-349-04486-3_15,1979,book-chapter,en,False,,"Business, Management and Accounting",Palgrave Macmillan UK eBooks,"Interests, Hopes and Fears — Can We Change the Future?",no,no OA URL and not attempted — library physical/digital lookup required
meadows_1972_limits_to_growth,1980s,https://openalex.org/W97308080,https://doi.org/10.1007/978-3-642-48739-2_63,1980,book-chapter,en,False,,Engineering,,Bacterial Leaching of a Carbonate Bearing Uranium Ore,no,no OA URL and not attempted — library physical/digital lookup required
meadows_1972_limits_to_growth,1970s,https://openalex.org/W1595137545,,1976,article,en,False,,Social Sciences,Canadian Journal of Counselling and Psychotherapy,Human Behavior in an Emerging Totalitarian Society,no,no OA URL and not attempted — library physical/digital lookup required
meadows_1972_limits_to_growth,1980s,https://openalex.org/W170260454,https://doi.org/10.1007/978-94-009-6268-2_6,1984,book-chapter,en,False,,Physics and Astronomy,Sovietica,Philosophical Evaluations of Systems Theory,no,no OA URL and not attempted — library physical/digital lookup required
meadows_1972_limits_to_growth,1970s,https://openalex.org/W1971144990,https://doi.org/10.1016/0304-4009(78)90024-4,1978,article,en,False,,Environmental Science,Urban Ecology,The quality of life concept—Transitions from the garden to the gardener,no,no OA URL and not attempted — library physical/digital lookup required
meadows_1972_limits_to_growth,1980s,https://openalex.org/W1977584282,https://doi.org/10.1080/0305792800100202,1980,article,en,False,,Environmental Science,Compare A Journal of Comparative and International Education,The Context of Curricular Change in Europe at the Lower Secondary Level [l],no,no OA URL and not attempted — library physical/digital lookup required
meadows_1972_limits_to_growth,1980s,https://openalex.org/W1995346315,https://doi.org/10.1080/00958964.1982.10801920,1981,article,en,False,,Environmental Science,The Journal of Environmental Education,Future Studies and Environmental Education,no,no OA URL and not attempted — library physical/digital lookup required
meadows_1972_limits_to_growth,1980s,https://openalex.org/W1999397031,https://doi.org/10.1080/15374418009532980,1980,article,en,False,,Social Sciences,Journal of Clinical Child Psychology,Children and their schools at the quadcentennial,no,no OA URL and not attempted — library physical/digital lookup required
meadows_1972_limits_to_growth,1970s,https://openalex.org/W2003964505,https://doi.org/10.1007/bf02221055,1977,article,en,False,,Social Sciences,Prospects,"Limits to growth, a challenge to higher education",no,no OA URL and not attempted — library physical/digital lookup required
meadows_1972_limits_to_growth,1980s,https://openalex.org/W2019621798,https://doi.org/10.1016/0301-4207(83)90038-7,1983,article,en,False,,Environmental Science,Resources Policy,The relationship between resources and living standards,no,no OA URL and not attempted — library physical/digital lookup required
meadows_1972_limits_to_growth,1970s,https://openalex.org/W2031834319,https://doi.org/10.2307/4446080,1977,article,en,False,,Agricultural and Biological Sciences,The American Biology Teacher,Teaching about Population,no,no OA URL and not attempted — library physical/digital lookup required
meadows_1972_limits_to_growth,1970s,https://openalex.org/W2051792593,https://doi.org/10.1016/0091-7435(77)90002-0,1977,article,en,True,https://www.sciencedirect.com/science/article/pii/0091743577900020,Environmental Science,Preventive Medicine,People versus development: An overview of the economics of population growth,no,"OA URL present, not sampled in this run — extend automated extraction first"
meadows_1972_limits_to_growth,1980s,https://openalex.org/W2056946386,https://doi.org/10.1080/00320718208711644,1982,article,en,False,,Engineering,Planning Outlook,The future of planning theory — whither urban design?,no,no OA URL and not attempted — library physical/digital lookup required
meadows_1972_limits_to_growth,1980s,https://openalex.org/W2078154592,https://doi.org/10.1080/09505438909526247,1989,article,en,False,,Environmental Science,Science as Culture,Turning green: Whose ecology?,no,no OA URL and not attempted — library physical/digital lookup required
meadows_1972_limits_to_growth,1970s,https://openalex.org/W2120200982,https://doi.org/10.1016/0019-8501(73)90049-7,1973,article,en,False,,"Business, Management and Accounting",Industrial Marketing Management,Technology assessment: New forces likely to affect industrial marketing strategy,no,no OA URL and not attempted — library physical/digital lookup required
meadows_1972_limits_to_growth,1980s,https://openalex.org/W2497505680,https://doi.org/10.1007/978-1-4612-5459-1_10,1983,book-chapter,en,False,,Computer Science,,"Efficiency of Energy Use in Obtaining Food, I: Humans",no,no OA URL and not attempted — library physical/digital lookup required
meadows_1972_limits_to_growth,1980s,https://openalex.org/W2883132796,https://doi.org/10.1007/bf00140172,1989,article,en,False,,Environmental Science,Climatic Change,Ph.D. training and social responsibility in a changing climate ? the roots of an educator's dilemma,no,no OA URL and not attempted — library physical/digital lookup required
meadows_1972_limits_to_growth,1970s,https://openalex.org/W841902699,,1975,article,es,True,http://hdl.handle.net/11362/20298,Environmental Science,DIGITAL REPOSITORY Economic Commission for Latin America and the Caribbean (United Nations),Hacia una teoria del ecodesarrollo: concepto clave para ubicar el rol de politicas de poblacion dentro del proceso de desarrollo,no,"OA URL present, not sampled in this run — extend automated extraction first"
meadows_1972_limits_to_growth,1970s,https://openalex.org/W1499509467,,1977,article,en,False,,Environmental Science,NASA STI Repository (National Aeronautics and Space Administration),Long-term prospects for developments in space: A scenario approach,no,no OA URL and not attempted — library physical/digital lookup required
meadows_1972_limits_to_growth,1970s,https://openalex.org/W1603947115,https://doi.org/10.1016/0016-3287(76)90092-6,1976,article,en,False,,"Economics, Econometrics and Finance",Futures,The economics of decline,no,no OA URL and not attempted — library physical/digital lookup required
meadows_1972_limits_to_growth,1970s,https://openalex.org/W1800509219,https://doi.org/10.1016/0016-3287(78)90081-2,1978,article,en,False,,Environmental Science,Futures,The club of rome,no,no OA URL and not attempted — library physical/digital lookup required
meadows_1972_limits_to_growth,1980s,https://openalex.org/W2002127295,https://doi.org/10.1080/00380237.1980.10570361,1980,article,en,False,,Social Sciences,Sociological Focus,A Note on the Status of Women as a Factor in Population Growth in Less Developed Countries,no,no OA URL and not attempted — library physical/digital lookup required
meadows_1972_limits_to_growth,1980s,https://openalex.org/W2034876200,https://doi.org/10.1269/jrr.27.230,1986,article,en,True,https://academic.oup.com/jrr/article-pdf/27/2/230/2722535/jrr-27-230.pdf,Medicine,Journal of Radiation Research,"Computer simulation of radiation-induced late effects by ""system dynamics""",no,"OA URL present, not sampled in this run — extend automated extraction first"
meadows_1972_limits_to_growth,1980s,https://openalex.org/W2043437035,https://doi.org/10.1016/0166-3097(86)90010-6,1986,article,en,False,,Environmental Science,Resources and Conservation,Today's wastes are tomorrow's resources: Recycling in Denmark — past experience and future prospects,no,no OA URL and not attempted — library physical/digital lookup required
meadows_1972_limits_to_growth,1970s,https://openalex.org/W2051431141,https://doi.org/10.2514/6.1979-3066,1979,article,en,False,,Engineering,,Space utilization overview,no,no OA URL and not attempted — library physical/digital lookup required
meadows_1972_limits_to_growth,1980s,https://openalex.org/W2053048719,https://doi.org/10.1016/0016-3287(89)90042-6,1989,article,en,False,,Decision Sciences,Futures,Strategies for regulating the global economy,no,no OA URL and not attempted — library physical/digital lookup required
meadows_1972_limits_to_growth,1980s,https://openalex.org/W2063279085,https://doi.org/10.1177/101269028001500307,1980,article,en,False,,Psychology,International Review of Sport Sociology,The Position of Sport in the Theories of Quality of Life,no,no OA URL and not attempted — library physical/digital lookup required
meadows_1972_limits_to_growth,1970s,https://openalex.org/W2075774409,https://doi.org/10.1177/000276427802200202,1978,article,en,False,,Energy,American Behavioral Scientist,"Energy Development, Environmental Protection, and Public Policy",no,no OA URL and not attempted — library physical/digital lookup required
meadows_1972_limits_to_growth,1970s,https://openalex.org/W2082345464,https://doi.org/10.1007/bf02299810,1973,article,en,False,,Environmental Science,Atlantic Economic Journal,New developments in economics through the application of system dynamics,no,no OA URL and not attempted — library physical/digital lookup required
meadows_1972_limits_to_growth,1980s,https://openalex.org/W20946865,https://doi.org/10.1007/978-94-015-6940-8_13,1987,book-chapter,en,False,,Environmental Science,,Societal Role of Dutch Fresh-Water Ecologists in Environmental Policies,no,no OA URL and not attempted — library physical/digital lookup required
meadows_1972_limits_to_growth,1970s,https://openalex.org/W2332360709,https://doi.org/10.1080/04353684.1975.11879406,1975,article,en,False,,Environmental Science,Geografiska Annaler Series B Human Geography,Relationship Between Land and Population: A Note on Canada's Carrying Capacity,no,no OA URL and not attempted — library physical/digital lookup required
meadows_1972_limits_to_growth,1970s,https://openalex.org/W234141136,https://doi.org/10.2307/492250,1978,article,en,False,,Social Sciences,The History Teacher,"American History Textbooks and the New Issues of Trade, Payments, and Raw Materials",no,no OA URL and not attempted — library physical/digital lookup required
meadows_1972_limits_to_growth,1970s,https://openalex.org/W1508522507,https://doi.org/10.1080/00320717708711530,1977,article,en,False,,Decision Sciences,Planning Outlook,System dynamics modelling in regional planning,no,no OA URL and not attempted — library physical/digital lookup required
meadows_1972_limits_to_growth,1970s,https://openalex.org/W1992417105,https://doi.org/10.1080/00131727709336233,1977,article,en,False,,Social Sciences,The Educational Forum,Making It On This Planet,no,no OA URL and not attempted — library physical/digital lookup required
meadows_1972_limits_to_growth,1980s,https://openalex.org/W2089322798,https://doi.org/10.1002/smj.4250040412,1983,article,en,False,,"Business, Management and Accounting",Strategic Management Journal,"Groping in the dark: The first decade of global modelling, Donella Meadows, John Richardson and Gerhart Bruckmann, Wiley, Chichester, 1982. No. of pages: 311. Price: £11 (U.S. $24.95)",no,no OA URL and not attempted — library physical/digital lookup required
meadows_1972_limits_to_growth,1980s,https://openalex.org/W98177432,https://doi.org/10.1007/978-3-642-74946-9_2,1989,book-chapter,en,False,,Computer Science,,The Structured Systems Approach for the Design of Optimisation and Simulation Models,no,no OA URL and not attempted — library physical/digital lookup required
meadows_1972_limits_to_growth,1980s,https://openalex.org/W2092041628,https://doi.org/10.1016/0140-1750(81)90002-6,1981,article,en,False,,Environmental Science,Journal of Social and Biological Systems,Energy utilization and evolution,no,no OA URL and not attempted — library physical/digital lookup required
meadows_1972_limits_to_growth,1970s,https://openalex.org/W1991926543,https://doi.org/10.1080/00323267808401670,1978,article,en,False,,Environmental Science,Politics,"Radicalism, conservatism and environmentalism",no,no OA URL and not attempted — library physical/digital lookup required
meadows_1972_limits_to_growth,1970s,https://openalex.org/W73898528,https://doi.org/10.1007/978-3-642-46368-6_18,1978,book-chapter,en,False,,Engineering,Lecture notes in economics and mathematical systems,Interactive Integer Goal Programming: Methods and Application,no,no OA URL and not attempted — library physical/digital lookup required
meadows_1972_limits_to_growth,1980s,https://openalex.org/W2228467669,https://doi.org/10.1007/978-94-009-6207-1_14,1984,book-chapter,en,False,,"Biochemistry, Genetics and Molecular Biology",,In Vitro Approaches to Disease Resistance,no,no OA URL and not attempted — library physical/digital lookup required
meadows_1972_limits_to_growth,1980s,https://openalex.org/W2015889614,https://doi.org/10.1080/00922013.1983.9942611,1983,article,en,False,,Social Sciences,Teaching Political Science,Computer-Assisted International Studies,no,no OA URL and not attempted — library physical/digital lookup required
meadows_1972_limits_to_growth,1970s,https://openalex.org/W2002564130,https://doi.org/10.1016/0040-1625(73)90015-2,1973,article,en,False,,Decision Sciences,Technological Forecasting and Social Change,Computer-assisted expert interrogation: A report on current methods development,no,no OA URL and not attempted — library physical/digital lookup required
meadows_1972_limits_to_growth,1970s,https://openalex.org/W3135443438,https://doi.org/10.21236/ada029899,1976,report,en,False,,Environmental Science,,The Anticipation of International Crises: Prospects for Theory and Research,no,no OA URL and not attempted — library physical/digital lookup required
meadows_1972_limits_to_growth,1980s,https://openalex.org/W1984360407,https://doi.org/10.1080/758538456,1981,article,en,False,,Social Sciences,Review of Social Economy,Radical Economics and Resource Scarcity,no,no OA URL and not attempted — library physical/digital lookup required
meadows_1972_limits_to_growth,1970s,https://openalex.org/W1991768528,https://doi.org/10.1353/pbm.1978.0032,1978,article,en,False,,Social Sciences,Perspectives in biology and medicine,"Abortion, Ethics, and Biology",no,no OA URL and not attempted — library physical/digital lookup required
meadows_1972_limits_to_growth,1970s,https://openalex.org/W2041081399,https://doi.org/10.1017/s0376892900002095,1979,article,en,False,,Energy,Environmental Conservation,"World Models, Resources, and Environment",no,no OA URL and not attempted — library physical/digital lookup required
meadows_1972_limits_to_growth,1980s,https://openalex.org/W2131441569,https://doi.org/10.1002/bs.3830320305,1987,article,en,False,,Decision Sciences,Systems Research and Behavioral Science,Systems simulation. Supplementing global models with computational models: An assessment and an energy example,no,no OA URL and not attempted — library physical/digital lookup required
meadows_1972_limits_to_growth,1970s,https://openalex.org/W1966994730,https://doi.org/10.1002/he.36919761503,1976,article,en,False,,Social Sciences,New Directions for Higher Education,Facilitating comprehensive institutional development,no,no OA URL and not attempted — library physical/digital lookup required
meadows_1972_limits_to_growth,1980s,https://openalex.org/W1990672847,https://doi.org/10.1016/0260-9827(84)90043-0,1984,article,en,False,,Engineering,Political Geography Quarterly,"The triumph of material interests— Geography, pollution and the environment",no,no OA URL and not attempted — library physical/digital lookup required
meadows_1972_limits_to_growth,1970s,https://openalex.org/W2157659210,https://doi.org/10.1177/002188637501100301,1975,article,en,False,,Arts and Humanities,The Journal of Applied Behavioral Science,The Politics of Evaluation Research: The Peace Corps,no,no OA URL and not attempted — library physical/digital lookup required
meadows_1972_limits_to_growth,1980s,https://openalex.org/W2422085869,https://doi.org/10.2307/3380246,1987,article,en,False,,Environmental Science,Public Productivity Review,Management Science Failures in the Public Sector,no,no OA URL and not attempted — library physical/digital lookup required
meadows_1972_limits_to_growth,1980s,https://openalex.org/W1467384494,https://doi.org/10.2307/3146185,1984,article,en,False,,"Economics, Econometrics and Finance",Land Economics,"The Optimal Timing of an Exhaustible, Reversible Wilderness Development Project",no,no OA URL and not attempted — library physical/digital lookup required
meadows_1972_limits_to_growth,1970s,https://openalex.org/W2024765832,https://doi.org/10.1007/bf01800775,1976,article,de,False,,Social Sciences,Journal for General Philosophy of Science,Prinzipielle Problemstellungen der Forschungspolitik,no,no OA URL and not attempted — library physical/digital lookup required
meadows_1972_limits_to_growth,1970s,https://openalex.org/W2061830574,https://doi.org/10.1126/science.181.4102.819,1973,article,en,False,,Environmental Science,Science,Environmental Impact: Controlling the Overall Level,no,no OA URL and not attempted — library physical/digital lookup required
meadows_1972_limits_to_growth,1970s,https://openalex.org/W2042175461,https://doi.org/10.1002/bs.3830190109,1974,article,en,False,,Decision Sciences,Systems Research and Behavioral Science,"Behavioral science, system theory—And simulation",no,no OA URL and not attempted — library physical/digital lookup required
meadows_1972_limits_to_growth,1970s,https://openalex.org/W2055609621,https://doi.org/10.1016/0024-6301(76)90160-6,1976,article,en,False,,Environmental Science,Long Range Planning,A method for exploring the future,no,no OA URL and not attempted — library physical/digital lookup required
meadows_1972_limits_to_growth,1980s,https://openalex.org/W2121153815,https://doi.org/10.1017/s0376892900036250,1986,article,en,False,,Environmental Science,Environmental Conservation,Ecology and Development: An Attempt to Synthesize,no,no OA URL and not attempted — library physical/digital lookup required
meadows_1972_limits_to_growth,1980s,https://openalex.org/W2155513478,https://doi.org/10.1177/0001848182033001004,1982,review,en,False,,Social Sciences,Adult Education,Future Issues in Adult Education: A Review of the Literature of the Seventies,no,no OA URL and not attempted — library physical/digital lookup required
meadows_1972_limits_to_growth,1980s,https://openalex.org/W2345974418,,1985,article,en,True,http://pure.iiasa.ac.at/id/eprint/2737/1/CP-85-011.pdf,Environmental Science,IIASA PURE (International Institute of Applied Systems Analysis),"People, Land and Food Production - Potentials in the Developing World",no,"OA URL present, not sampled in this run — extend automated extraction first"
meadows_1972_limits_to_growth,1970s,https://openalex.org/W2483304242,https://doi.org/10.1016/b978-0-444-42577-5.50009-5,1976,book-chapter,en,False,,Energy,Developments in economic geology,"Price, Technology, and Ore Reserves",no,no OA URL and not attempted — library physical/digital lookup required
meadows_1972_limits_to_growth,1980s,https://openalex.org/W1969160786,https://doi.org/10.1016/0004-6981(84)90368-8,1984,article,en,False,,Environmental Science,Atmospheric Environment (1967),Modelling temporal variations in the global tropospheric arsenic burden,no,no OA URL and not attempted — library physical/digital lookup required
meadows_1972_limits_to_growth,1980s,https://openalex.org/W1989326181,https://doi.org/10.1080/00207238608710274,1986,article,en,False,,Environmental Science,International Journal of Environmental Studies,Ecological stress phenomena and holistic environmental ethics—a viewpoint,no,no OA URL and not attempted — library physical/digital lookup required
meadows_1972_limits_to_growth,1980s,https://openalex.org/W2031892512,https://doi.org/10.2307/1241243,1981,article,en,False,,Environmental Science,American Journal of Agricultural Economics,Economics and International Relations: A Conceptual Framework,no,no OA URL and not attempted — library physical/digital lookup required
meadows_1972_limits_to_growth,1970s,https://openalex.org/W2053032878,https://doi.org/10.1016/0160-791x(79)90003-4,1979,article,en,False,,Environmental Science,Technology in Society,Technology: Hope or catastrophe?,no,no OA URL and not attempted — library physical/digital lookup required
meadows_1972_limits_to_growth,1980s,https://openalex.org/W2066969580,https://doi.org/10.1007/bf01866965,1984,article,en,False,,"Economics, Econometrics and Finance",Environmental Management,Project appraisal and planning for overdeveloped countries: II. Shadow pricing under uncertainty,no,no OA URL and not attempted — library physical/digital lookup required
meadows_1972_limits_to_growth,1970s,https://openalex.org/W2083603367,https://doi.org/10.1016/0024-6301(78)90025-0,1978,article,en,False,,"Business, Management and Accounting",Long Range Planning,Does Futures Research have a corporate role?,no,no OA URL and not attempted — library physical/digital lookup required
meadows_1972_limits_to_growth,1980s,https://openalex.org/W1975729317,https://doi.org/10.1016/0016-3287(83)90082-4,1983,article,en,False,,Environmental Science,Futures,Has progress a future?,no,no OA URL and not attempted — library physical/digital lookup required
meadows_1972_limits_to_growth,1970s,https://openalex.org/W1977009551,https://doi.org/10.1016/s0307-904x(79)80067-0,1979,article,en,False,,Energy,Applied Mathematical Modelling,Simulating system dynamics in APL,no,no OA URL and not attempted — library physical/digital lookup required
meadows_1972_limits_to_growth,1970s,https://openalex.org/W1982120742,https://doi.org/10.1016/0305-0483(73)90006-6,1973,review,en,False,,Decision Sciences,Omega,Corporate planning a review of questions and answers,no,no OA URL and not attempted — library physical/digital lookup required
meadows_1972_limits_to_growth,1980s,https://openalex.org/W1991896995,https://doi.org/10.1016/0305-750x(87)90120-3,1987,article,en,False,,Social Sciences,World Development,Development studies and the reinvention of tradition,no,no OA URL and not attempted — library physical/digital lookup required
meadows_1972_limits_to_growth,1970s,https://openalex.org/W2052515765,https://doi.org/10.1007/bf00138034,1975,article,en,False,,Decision Sciences,Policy Sciences,A policy model appraisal paradigm,no,no OA URL and not attempted — library physical/digital lookup required
meadows_1972_limits_to_growth,1970s,https://openalex.org/W2069932714,https://doi.org/10.1016/0022-0531(76)90080-6,1976,article,en,False,,Environmental Science,Journal of Economic Theory,A model of optimal depletion of renewable resources,no,no OA URL and not attempted — library physical/digital lookup required
meadows_1972_limits_to_growth,1970s,https://openalex.org/W2077491853,https://doi.org/10.1177/000276427401700502,1974,article,en,False,,Social Sciences,American Behavioral Scientist,The Environmental Problem as a Political Problem,no,no OA URL and not attempted — library physical/digital lookup required
meadows_1972_limits_to_growth,1970s,https://openalex.org/W2082826119,https://doi.org/10.1016/0040-1625(77)90034-8,1977,article,en,False,,Environmental Science,Technological Forecasting and Social Change,Barriers to use of policy-relevant information by decision makers,no,no OA URL and not attempted — library physical/digital lookup required
meadows_1972_limits_to_growth,1970s,https://openalex.org/W2315541320,https://doi.org/10.2307/2600192,1977,article,en,False,,Environmental Science,International Studies Quarterly,Modernization and Conflict: The Second Image Implications of Scarcity,no,no OA URL and not attempted — library physical/digital lookup required
meadows_1972_limits_to_growth,1970s,https://openalex.org/W2486365595,https://doi.org/10.1007/978-3-0348-5570-9_2,1977,book-chapter,en,False,,Physics and Astronomy,Birkhäuser Basel eBooks,Systems Science and Social Science Foundations of Computer-Assisted Policy Analysis,no,no OA URL and not attempted — library physical/digital lookup required
meadows_1972_limits_to_growth,1970s,https://openalex.org/W264071112,,1973,article,en,False,,Environmental Science,NASA STI Repository (National Aeronautics and Space Administration),A Delphi Forecast of Technology in Education.,no,no OA URL and not attempted — library physical/digital lookup required
meadows_1972_limits_to_growth,1970s,https://openalex.org/W1510162544,,1974,article,en,False,,Environmental Science,American Economic Review,Resource and Amenity Implications of Population Changes,no,no OA URL and not attempted — library physical/digital lookup required
meadows_1972_limits_to_growth,1970s,https://openalex.org/W1550959542,https://doi.org/10.1016/0016-3287(78)90141-6,1978,article,en,False,,Decision Sciences,Futures,Change and discontinuity,no,no OA URL and not attempted — library physical/digital lookup required
meadows_1972_limits_to_growth,1970s,https://openalex.org/W1980294575,https://doi.org/10.1080/09291017809359647,1978,article,en,False,,Agricultural and Biological Sciences,Journal of Interdisiplinary Cycle Research,The prediction of civil violence to the year 2001,no,no OA URL and not attempted — library physical/digital lookup required
meadows_1972_limits_to_growth,1980s,https://openalex.org/W2022095881,https://doi.org/10.1080/03098268108708789,1981,article,en,False,,Social Sciences,Journal of Geography in Higher Education,Beginning geography: a human and technical perspective,no,no OA URL and not attempted — library physical/digital lookup required
meadows_1972_limits_to_growth,1970s,https://openalex.org/W2040906154,https://doi.org/10.1037/0735-7028.8.3.349,1977,article,en,False,,Psychology,Professional Psychology,The role of psychology in government and the policy formation process.,no,no OA URL and not attempted — library physical/digital lookup required
meadows_1972_limits_to_growth,1980s,https://openalex.org/W2044246162,https://doi.org/10.1177/009539978101200401,1981,article,en,False,,Decision Sciences,Administration & Society,Professional Models for Policy Analysis,no,no OA URL and not attempted — library physical/digital lookup required
meadows_1972_limits_to_growth,1970s,https://openalex.org/W2045070636,https://doi.org/10.1016/0304-3800(75)90017-4,1975,article,en,False,,Environmental Science,Ecological Modelling,A world model of the growth in production and population,no,no OA URL and not attempted — library physical/digital lookup required
meadows_1972_limits_to_growth,1980s,https://openalex.org/W2062852817,https://doi.org/10.1177/0143831x8123003,1981,article,en,False,,Social Sciences,Economic and Industrial Democracy,Perspectives of Vocational Education in West Germany and Other Capitalist Countries,no,no OA URL and not attempted — library physical/digital lookup required
meadows_1972_limits_to_growth,1970s,https://openalex.org/W2078790966,https://doi.org/10.1037/h0035787,1974,article,en,False,,Social Sciences,Journal of Applied Psychology,Some psychosocial consequences of a change to a replacement birthrate in the United States.,no,no OA URL and not attempted — library physical/digital lookup required
meadows_1972_limits_to_growth,1970s,https://openalex.org/W2079611860,https://doi.org/10.1016/0016-7185(74)90002-5,1974,article,en,False,,Environmental Science,Geoforum,Human development in its relation to ecological conditions,no,no OA URL and not attempted — library physical/digital lookup required
meadows_1972_limits_to_growth,1970s,https://openalex.org/W2108765941,https://doi.org/10.1108/eb005352,1974,article,en,False,,Arts and Humanities,Kybernetes,COMPUTERIZED SIMULATION AND THE SYSTEMIC SCIENCES,no,no OA URL and not attempted — library physical/digital lookup required
meadows_1972_limits_to_growth,1970s,https://openalex.org/W2147710874,https://doi.org/10.1017/s0376892900026138,1977,article,en,False,,Social Sciences,Environmental Conservation,Attitudes and Orientations of Environmentally-concerned Citizens,no,no OA URL and not attempted — library physical/digital lookup required
meadows_1972_limits_to_growth,1970s,https://openalex.org/W2153136639,https://doi.org/10.1016/0040-1625(74)90027-4,1974,article,en,False,,Decision Sciences,Technological Forecasting and Social Change,Bridging the Chasm—The next step,no,no OA URL and not attempted — library physical/digital lookup required
meadows_1972_limits_to_growth,1970s,https://openalex.org/W2161771926,https://doi.org/10.1016/0040-1625(73)90007-3,1973,article,en,False,,Environmental Science,Technological Forecasting and Social Change,The multinational corporation vis-à-vis societies in transformation: The case for intermediate technology in the developing countries,no,no OA URL and not attempted — library physical/digital lookup required
meadows_1972_limits_to_growth,1970s,https://openalex.org/W2323788218,https://doi.org/10.2307/3510157,1979,article,en,False,,Social Sciences,Review of Religious Research,The Sustainable Society: Religious and Social Implications,no,no OA URL and not attempted — library physical/digital lookup required
meadows_1972_limits_to_growth,1970s,https://openalex.org/W2381867610,https://doi.org/10.2307/4445367,1975,article,en,False,,Environmental Science,The American Biology Teacher,Teaching Ecology with a Programming Language,no,no OA URL and not attempted — library physical/digital lookup required
meadows_1972_limits_to_growth,1970s,https://openalex.org/W2501845689,https://doi.org/10.1007/978-94-009-9568-0_1,1979,book-chapter,en,False,,Computer Science,,State of the Art of Implementation Research on Computer-based Information Systems,no,no OA URL and not attempted — library physical/digital lookup required
meadows_1972_limits_to_growth,1970s,https://openalex.org/W45477993,https://doi.org/10.1007/978-1-4684-2277-1_14,1977,book-chapter,en,False,,Environmental Science,,Some Problems of Strategy in Environmental Psychology,no,no OA URL and not attempted — library physical/digital lookup required
meadows_1972_limits_to_growth,1980s,https://openalex.org/W7667991,https://doi.org/10.1080/00213624.1980.11503765,1980,article,en,False,,Energy,Journal of Economic Issues,Mankind at the Starting Point,no,no OA URL and not attempted — library physical/digital lookup required
meadows_1972_limits_to_growth,1970s,https://openalex.org/W121867802,,1975,article,en,False,,Environmental Science,,"The Changing Control of Economic Activity in the Gatlinburg, Tennessee Area, 1930-1973",no,no OA URL and not attempted — library physical/digital lookup required
meadows_1972_limits_to_growth,1980s,https://openalex.org/W1465376877,,1988,article,en,False,,Environmental Science,PubMed,"From the struggle against ""overpopulation"" to the industrialization of human production.",no,no OA URL and not attempted — library physical/digital lookup required
meadows_1972_limits_to_growth,1970s,https://openalex.org/W1561375720,https://doi.org/10.1016/0016-3287(77)90098-2,1977,article,en,False,,Energy,Futures,Carbon,no,no OA URL and not attempted — library physical/digital lookup required
meadows_1972_limits_to_growth,1980s,https://openalex.org/W193457162,https://doi.org/10.1007/978-3-662-02586-4_1,1989,book-chapter,en,False,,"Economics, Econometrics and Finance",,"Growth, Decay and Structural Change",no,no OA URL and not attempted — library physical/digital lookup required
meadows_1972_limits_to_growth,1970s,https://openalex.org/W196067109,https://doi.org/10.1007/978-3-642-93095-9_37,1978,book-chapter,en,False,,Decision Sciences,Lecture notes in medical informatics,The Utilization and Validation of Mathematical Models in Medicine and Public Health,no,no OA URL and not attempted — library physical/digital lookup required
meadows_1972_limits_to_growth,1970s,https://openalex.org/W1964595819,https://doi.org/10.1179/030801879789768162,1979,article,en,False,,Physics and Astronomy,Interdisciplinary Science Reviews,The Extraterrestrial Paradigm Improving the Prospects for Life in the Universe,no,no OA URL and not attempted — library physical/digital lookup required
meadows_1972_limits_to_growth,1970s,https://openalex.org/W1976191631,https://doi.org/10.1109/cdc.1978.267986,1978,article,en,False,,Engineering,,Zero stability sensitivity of linear system parameters via digraphs,no,no OA URL and not attempted — library physical/digital lookup required
meadows_1972_limits_to_growth,1980s,https://openalex.org/W1979275608,https://doi.org/10.1177/002234338402100402,1984,article,en,False,,Social Sciences,Journal of Peace Research,Images of World Futures,no,no OA URL and not attempted — library physical/digital lookup required
meadows_1972_limits_to_growth,1970s,https://openalex.org/W1988573749,https://doi.org/10.1126/science.179.4074.656,1973,article,en,False,,Social Sciences,Science,Alternative National Goals and Women's Employment,no,no OA URL and not attempted — library physical/digital lookup required
meadows_1972_limits_to_growth,1970s,https://openalex.org/W1991344434,https://doi.org/10.1016/0307-904x(78)90011-2,1978,article,en,False,,Environmental Science,Applied Mathematical Modelling,Modelling of the environment through a system of models,no,no OA URL and not attempted — library physical/digital lookup required
meadows_1972_limits_to_growth,1970s,https://openalex.org/W1994283880,https://doi.org/10.1038/244488a0,1973,article,en,False,,Social Sciences,Nature,Sensitivity in the World Dynamics Model,no,no OA URL and not attempted — library physical/digital lookup required
meadows_1972_limits_to_growth,1980s,https://openalex.org/W1994521408,https://doi.org/10.2307/2538442,1980,article,en,False,,Arts and Humanities,International Security,"The Bomb, Dread, and Eternity",no,no OA URL and not attempted — library physical/digital lookup required
meadows_1972_limits_to_growth,1970s,https://openalex.org/W1998832106,https://doi.org/10.1016/0095-0696(77)90029-8,1977,article,en,False,,Environmental Science,Journal of Environmental Economics and Management,Dynamic aspects of air quality control costs,no,no OA URL and not attempted — library physical/digital lookup required
meadows_1972_limits_to_growth,1970s,https://openalex.org/W2016270078,https://doi.org/10.1038/247097a0,1974,article,en,False,,Social Sciences,Nature,Typographical errors and technological solutions,no,no OA URL and not attempted — library physical/digital lookup required
meadows_1972_limits_to_growth,1970s,https://openalex.org/W2026102029,https://doi.org/10.1016/0307-904x(78)90042-2,1978,article,en,False,,Environmental Science,Applied Mathematical Modelling,Modelling the international order,no,no OA URL and not attempted — library physical/digital lookup required
meadows_1972_limits_to_growth,1970s,https://openalex.org/W2034174842,https://doi.org/10.1016/0147-6513(79)90013-7,1979,article,en,False,,Environmental Science,Ecotoxicology and Environmental Safety,Agroecosystem-chemical interactions and trends,no,no OA URL and not attempted — library physical/digital lookup required
meadows_1972_limits_to_growth,1970s,https://openalex.org/W2038728018,https://doi.org/10.1353/rmr.1975.0015,1975,article,en,False,,Arts and Humanities,Rocky Mountain Review of Language and Literature,Robinson Jeffers' Tragedies as Rediscoveries of the World,no,no OA URL and not attempted — library physical/digital lookup required
meadows_1972_limits_to_growth,1970s,https://openalex.org/W2060226569,https://doi.org/10.1080/00131727509339102,1975,article,en,False,,Decision Sciences,The Educational Forum,Planning Education and Systems Change,no,no OA URL and not attempted — library physical/digital lookup required
meadows_1972_limits_to_growth,1970s,https://openalex.org/W2063328071,https://doi.org/10.1016/0040-1625(78)90027-6,1978,article,en,False,,Environmental Science,Technological Forecasting and Social Change,Feedback processes in dynamic models,no,no OA URL and not attempted — library physical/digital lookup required
meadows_1972_limits_to_growth,1970s,https://openalex.org/W2089397578,https://doi.org/10.1080/03050627908434505,1979,article,en,False,,"Economics, Econometrics and Finance",International Interactions,Critically examining some common assumptions and sources of error in international relations forecasting,no,no OA URL and not attempted — library physical/digital lookup required
meadows_1972_limits_to_growth,1970s,https://openalex.org/W2099611919,https://doi.org/10.1016/0040-1625(73)90078-4,1973,article,en,False,,Physics and Astronomy,Technological Forecasting and Social Change,A mark II survey and critique of future research teaching in North America,no,no OA URL and not attempted — library physical/digital lookup required
meadows_1972_limits_to_growth,1970s,https://openalex.org/W2246637029,https://doi.org/10.4271/730709,1973,article,en,False,,Energy,SAE technical papers on CD-ROM/SAE technical paper series,1970s Development of 21st Century Mobile Dispersed Power,no,no OA URL and not attempted — library physical/digital lookup required
meadows_1972_limits_to_growth,1980s,https://openalex.org/W1493027313,https://doi.org/10.1016/0160-791x(84)90027-7,1984,article,en,False,,"Economics, Econometrics and Finance",Technology in Society,Redrawing the bottom line,no,no OA URL and not attempted — library physical/digital lookup required
meadows_1972_limits_to_growth,1970s,https://openalex.org/W1499478115,https://doi.org/10.1177/001872087501700108,1975,article,en,False,,Decision Sciences,Human Factors The Journal of the Human Factors and Ergonomics Society,Technological Change and Manpower Resources: A Systems Perspective,no,no OA URL and not attempted — library physical/digital lookup required
meadows_1972_limits_to_growth,1980s,https://openalex.org/W1534973560,https://doi.org/10.1007/bf02932823,1982,article,de,False,,Agricultural and Biological Sciences,Statistische Hefte,Über einige statistische Aspekte globaler gesellschaftlicher Probleme,no,no OA URL and not attempted — library physical/digital lookup required
meadows_1972_limits_to_growth,1970s,https://openalex.org/W1537754598,https://doi.org/10.1016/0301-4207(75)90072-0,1975,article,en,False,,Environmental Science,Resources Policy,The impasse over limits to growth,no,no OA URL and not attempted — library physical/digital lookup required
meadows_1972_limits_to_growth,1980s,https://openalex.org/W1569981473,https://doi.org/10.1016/0040-1625(83)90050-1,1983,article,en,False,,"Economics, Econometrics and Finance",Technological Forecasting and Social Change,Global modelling…Without models?,no,no OA URL and not attempted — library physical/digital lookup required
meadows_1972_limits_to_growth,1980s,https://openalex.org/W1584906077,,1987,preprint,en,False,,Environmental Science,RePEc: Research Papers in Economics,"Economics, technology, and the environment",no,no OA URL and not attempted — library physical/digital lookup required
meadows_1972_limits_to_growth,1980s,https://openalex.org/W181920199,https://doi.org/10.1007/978-94-009-6092-3_2,1984,book-chapter,en,False,,Environmental Science,Forestry sciences,The world perspective,no,no OA URL and not attempted — library physical/digital lookup required
meadows_1972_limits_to_growth,1970s,https://openalex.org/W193263976,,1978,book,en,False,,Environmental Science,,"Environment, technology, and future generations",no,no OA URL and not attempted — library physical/digital lookup required
meadows_1972_limits_to_growth,1970s,https://openalex.org/W1963922238,https://doi.org/10.1287/inte.8.3.91,1978,article,en,False,,Decision Sciences,INFORMS Journal on Applied Analytics,World Models: Who is the Guarantor?,no,no OA URL and not attempted — library physical/digital lookup required
meadows_1972_limits_to_growth,1970s,https://openalex.org/W1968462888,https://doi.org/10.1016/s0378-4754(74)80018-2,1974,article,en,False,,Physics and Astronomy,Mathematics and Computers in Simulation,Automatized programming of nonlinear differential systems in a hybrid computer. Hybrid simulation of a world model,no,no OA URL and not attempted — library physical/digital lookup required
meadows_1972_limits_to_growth,1970s,https://openalex.org/W1973768390,https://doi.org/10.1007/bf01287850,1977,article,en,False,,Environmental Science,The Annals of Regional Science,"On growth, conservation and order",no,no OA URL and not attempted — library physical/digital lookup required
meadows_1972_limits_to_growth,1980s,https://openalex.org/W1974764274,https://doi.org/10.1016/0038-0121(83)90017-4,1983,article,en,False,,Environmental Science,Socio-Economic Planning Sciences,"National, regional, and corporate planning methodologies—system dynamics versus simultaneous equation using regression",no,no OA URL and not attempted — library physical/digital lookup required
meadows_1972_limits_to_growth,1970s,https://openalex.org/W1983589927,https://doi.org/10.1007/bf02115560,1975,article,en,False,,"Economics, Econometrics and Finance",De Economist,Economic growth and decline with exhaustible resources,no,no OA URL and not attempted — library physical/digital lookup required
meadows_1972_limits_to_growth,1980s,https://openalex.org/W1990816813,https://doi.org/10.1007/bf02014460,1988,article,en,False,,Social Sciences,Journal of Agricultural and Environmental Ethics,"Agriculture, ethics, and restrictions on property rights",no,no OA URL and not attempted — library physical/digital lookup required
meadows_1972_limits_to_growth,1970s,https://openalex.org/W1991441341,https://doi.org/10.1007/bf00438296,1977,article,de,False,,Energy,Die Naturwissenschaften,Energieumwandlung durch Farbstoffmolek�le,no,no OA URL and not attempted — library physical/digital lookup required
meadows_1972_limits_to_growth,1980s,https://openalex.org/W1993370867,https://doi.org/10.1007/bf00133675,1982,article,en,False,,Environmental Science,Theory and Decision,Dynamic models as tools for forecasting and planning: A presentation and some methodological aspects,no,no OA URL and not attempted — library physical/digital lookup required
meadows_1972_limits_to_growth,1980s,https://openalex.org/W2000334464,https://doi.org/10.1002/cc.36819844705,1984,article,en,False,,Psychology,New Directions for Community Colleges,Behavioral Science Applications of Microcomputers,no,no OA URL and not attempted — library physical/digital lookup required
meadows_1972_limits_to_growth,1980s,https://openalex.org/W2002111340,https://doi.org/10.1016/0166-3097(82)90059-1,1982,article,en,False,,Engineering,Resources and Conservation,Toward a national policy for secondary materials,no,no OA URL and not attempted — library physical/digital lookup required
meadows_1972_limits_to_growth,1970s,https://openalex.org/W2003480227,https://doi.org/10.1016/0016-3287(73)90067-0,1973,article,en,False,,Medicine,Futures,"Overcrowding, a disease of social growth",no,no OA URL and not attempted — library physical/digital lookup required
meadows_1972_limits_to_growth,1970s,https://openalex.org/W2003901370,https://doi.org/10.1016/0306-9192(76)90041-5,1976,article,en,False,,Environmental Science,Food Policy,"Models of world food supply, demand and nutrition",no,no OA URL and not attempted — library physical/digital lookup required
meadows_1972_limits_to_growth,1970s,https://openalex.org/W2015517718,https://doi.org/10.1016/0016-3287(73)90058-x,1973,article,en,False,,Environmental Science,Futures,6. The capital and industrial output sub-system,no,no OA URL and not attempted — library physical/digital lookup required
meadows_1972_limits_to_growth,1980s,https://openalex.org/W2018619598,https://doi.org/10.1080/0140528810030105,1981,article,en,False,,"Biochemistry, Genetics and Molecular Biology",European Journal of Science Education,Frame Syllabus for Biology Teaching at Schools,no,no OA URL and not attempted — library physical/digital lookup required
meadows_1972_limits_to_growth,1970s,https://openalex.org/W2018720320,https://doi.org/10.1016/0140-1750(79)90009-5,1979,article,en,False,,Environmental Science,Journal of Social and Biological Systems,"Vertical taxonomy: for certain social, biological and physical structures",no,no OA URL and not attempted — library physical/digital lookup required
meadows_1972_limits_to_growth,1970s,https://openalex.org/W2028533606,https://doi.org/10.1126/science.179.4076.855,1973,article,en,False,,Energy,Science,Nuclear Energy and Growth,no,no OA URL and not attempted — library physical/digital lookup required
meadows_1972_limits_to_growth,1970s,https://openalex.org/W2059115775,https://doi.org/10.1177/096701067700800410,1977,article,en,False,,Social Sciences,Bulletin of Peace Proposals,"Peace, Justice and Prosperity",no,no OA URL and not attempted — library physical/digital lookup required
meadows_1972_limits_to_growth,1980s,https://openalex.org/W2068058110,https://doi.org/10.1136/bmj.285.6339.421,1982,article,en,True,https://www.bmj.com/content/bmj/285/6339/421.full.pdf,Social Sciences,BMJ,The arms race and health care.,yes,had OA URL but extraction yielded 0 — likely PDF parsing limitation; library physical/digital lookup recommended
meadows_1972_limits_to_growth,1970s,https://openalex.org/W2069687255,https://doi.org/10.1016/0361-3658(76)90003-5,1976,article,en,False,,Engineering,Conservation & Recycling,The scope for materials recycling,no,no OA URL and not attempted — library physical/digital lookup required
meadows_1972_limits_to_growth,1970s,https://openalex.org/W2071813048,https://doi.org/10.1016/s0140-6736(73)92362-3,1973,article,en,False,,Energy,The Lancet,MEDICINE AND THE ENERGY CRISIS,no,no OA URL and not attempted — library physical/digital lookup required
meadows_1972_limits_to_growth,1970s,https://openalex.org/W2082316407,https://doi.org/10.1016/0038-0121(74)90001-9,1974,article,en,False,,"Economics, Econometrics and Finance",Socio-Economic Planning Sciences,"An essay: limited growth, problems of full employment, and the viciousness of easy solutions",no,no OA URL and not attempted — library physical/digital lookup required
meadows_1972_limits_to_growth,1970s,https://openalex.org/W2087241048,https://doi.org/10.1017/s0022278x00053039,1975,article,en,False,,Social Sciences,The Journal of Modern African Studies,The New Environment of Nation-Building,no,no OA URL and not attempted — library physical/digital lookup required
meadows_1972_limits_to_growth,1970s,https://openalex.org/W2094990321,https://doi.org/10.1016/0301-4207(78)90042-9,1978,article,en,False,,Environmental Science,Resources Policy,Optimal rate of natural resource depletion,no,no OA URL and not attempted — library physical/digital lookup required
meadows_1972_limits_to_growth,1970s,https://openalex.org/W2104003648,https://doi.org/10.1037/h0034700,1973,article,en,False,,Agricultural and Biological Sciences,American Psychologist,"Research and early education: Relations among classroom, laboratory, and society.",no,no OA URL and not attempted — library physical/digital lookup required
meadows_1972_limits_to_growth,1970s,https://openalex.org/W2138682429,https://doi.org/10.1002/bs.3830210503,1976,article,en,False,,Decision Sciences,Systems Research and Behavioral Science,Living systems: The supranational system,no,no OA URL and not attempted — library physical/digital lookup required
meadows_1972_limits_to_growth,1980s,https://openalex.org/W2168420846,https://doi.org/10.30541/v22i2pp.63-71,1983,article,en,True,http://thepdr.pk/pdr/index.php/pdr/article/download/613/613,Environmental Science,The Pakistan Development Review,Some Simple Thoughts on Model Building for Developing Countries,no,"OA URL present, not sampled in this run — extend automated extraction first"
meadows_1972_limits_to_growth,1970s,https://openalex.org/W2270450464,https://doi.org/10.1007/978-3-0348-5495-5_21,1976,book-chapter,en,False,,Decision Sciences,Birkhäuser Basel eBooks,Simulation Models in a Social Environment: The Need for Dequantification,no,no OA URL and not attempted — library physical/digital lookup required
meadows_1972_limits_to_growth,1970s,https://openalex.org/W2310193768,https://doi.org/10.1007/978-1-349-02214-4_5,1973,book-chapter,en,False,,Environmental Science,Palgrave Macmillan UK eBooks,Growth and environmental problems of noncapitalist nations,no,no OA URL and not attempted — library physical/digital lookup required
meadows_1972_limits_to_growth,1970s,https://openalex.org/W2490004745,https://doi.org/10.1007/978-3-0348-5570-9_4,1977,book-chapter,en,False,,Computer Science,Birkhäuser Basel eBooks,"Computer Models for Policy Analysis: Hierarchy, Goal Orientation, Scenarios",no,no OA URL and not attempted — library physical/digital lookup required
meadows_1972_limits_to_growth,1970s,https://openalex.org/W2503273583,https://doi.org/10.1007/978-94-009-8582-7_25,1974,book-chapter,en,False,,Environmental Science,,Evaluation of Gaming Scenarios as Inputs to Policy Analysis,no,no OA URL and not attempted — library physical/digital lookup required
meadows_1972_limits_to_growth,1970s,https://openalex.org/W47312154,https://doi.org/10.1007/978-1-4613-4595-4_1,1972,book-chapter,en,False,,Earth and Planetary Sciences,,Fusion Energy and the Future,no,no OA URL and not attempted — library physical/digital lookup required
meadows_1972_limits_to_growth,1980s,https://openalex.org/W49930845,https://doi.org/10.1007/978-3-642-69540-7_20,1984,book-chapter,en,False,,"Economics, Econometrics and Finance",Springer series in synergetics,On the Entropy of Economic Systems,no,no OA URL and not attempted — library physical/digital lookup required
meadows_1972_limits_to_growth,1980s,https://openalex.org/W59197753,https://doi.org/10.1007/978-3-642-74103-6_10,1988,book-chapter,en,False,,Social Sciences,Studies in contemporary economics,"Population Growth, Resources, and Pollution",no,no OA URL and not attempted — library physical/digital lookup required
meadows_1972_limits_to_growth,1970s,https://openalex.org/W72181581,https://doi.org/10.1007/978-3-0348-5793-2_1,1976,book-chapter,en,False,,Engineering,Birkhäuser Basel eBooks,Simulation of Cognitive Processes in Social Systems using an Interactive Program for Deduction,no,no OA URL and not attempted — library physical/digital lookup required
meadows_1972_limits_to_growth,1980s,https://openalex.org/W93489582,https://doi.org/10.1007/978-3-642-82144-8_6,1984,book-chapter,en,False,,Decision Sciences,,Concepts for Model-Based Policy Construction,no,no OA URL and not attempted — library physical/digital lookup required
meadows_1972_limits_to_growth,1970s,https://openalex.org/W94685782,https://doi.org/10.1007/978-1-4615-6448-5_7,1973,book-chapter,en,False,,Computer Science,,A General Systems Model Concept,no,no OA URL and not attempted — library physical/digital lookup required
meadows_1972_limits_to_growth,1980s,https://openalex.org/W102384830,https://doi.org/10.1007/978-3-322-88721-4_12,1983,book-chapter,de,False,,Social Sciences,VS Verlag für Sozialwissenschaften eBooks,Internationaler Handel und Politik,no,no OA URL and not attempted — library physical/digital lookup required
meadows_1972_limits_to_growth,1970s,https://openalex.org/W13185933,https://doi.org/10.1007/978-94-010-2056-5_17,1974,book-chapter,en,False,,Environmental Science,,The Ecology of Openness,no,no OA URL and not attempted — library physical/digital lookup required
meadows_1972_limits_to_growth,1980s,https://openalex.org/W142172623,https://doi.org/10.1007/978-1-4684-3713-3_2,1980,book-chapter,en,False,,Environmental Science,Environmental Education,Why Environmental Education?,no,no OA URL and not attempted — library physical/digital lookup required
meadows_1972_limits_to_growth,1970s,https://openalex.org/W1498680703,,1973,article,en,False,,Environmental Science,,The Dynamics of Social Systems,no,no OA URL and not attempted — library physical/digital lookup required
meadows_1972_limits_to_growth,1970s,https://openalex.org/W1539583807,https://doi.org/10.1016/0007-6813(73)90057-8,1973,article,en,False,,"Economics, Econometrics and Finance",Business Horizons,Looking back at looking forward,no,no OA URL and not attempted — library physical/digital lookup required
meadows_1972_limits_to_growth,1970s,https://openalex.org/W1581800576,https://doi.org/10.1016/0167-2231(79)90014-9,1979,article,en,False,,Social Sciences,Carnegie-Rochester Conference Series on Public Policy,North-South economic and political relations,no,no OA URL and not attempted — library physical/digital lookup required
meadows_1972_limits_to_growth,1980s,https://openalex.org/W1610330849,https://doi.org/10.1525/aa.1983.85.1.02a00060,1983,article,en,True,https://onlinelibrary.wiley.com/doi/pdfdirect/10.1525/aa.1983.85.1.02a00060,Social Sciences,American Anthropologist,Barthing Up the Wrong Tree,no,"OA URL present, not sampled in this run — extend automated extraction first"
meadows_1972_limits_to_growth,1980s,https://openalex.org/W1771205,https://doi.org/10.1007/978-1-4612-5440-9_21,1983,book-chapter,en,False,,Earth and Planetary Sciences,Oceanography,Technology and Communications: New Devices and Concepts for Ocean Measurements,no,no OA URL and not attempted — library physical/digital lookup required
meadows_1972_limits_to_growth,1970s,https://openalex.org/W178775097,https://doi.org/10.1007/978-1-4684-2520-8_8,1978,book-chapter,en,False,,Environmental Science,,Models for Prediction Under Conditions of Interaction,no,no OA URL and not attempted — library physical/digital lookup required
meadows_1972_limits_to_growth,1980s,https://openalex.org/W189751768,https://doi.org/10.1007/978-1-4613-3560-3_23,1983,book-chapter,en,False,,Decision Sciences,,Systems Analysis and Urban Policy,no,no OA URL and not attempted — library physical/digital lookup required
meadows_1972_limits_to_growth,1980s,https://openalex.org/W1967328254,https://doi.org/10.1016/0360-1315(80)90028-7,1980,article,en,False,,Environmental Science,Computers & Education,Towards a model for long-term education policy,no,no OA URL and not attempted — library physical/digital lookup required
meadows_1972_limits_to_growth,1980s,https://openalex.org/W1973424069,https://doi.org/10.1080/15575338409490073,1984,article,en,False,,Social Sciences,Community Development Society Journal,"Critical Issues in the Analysis of Social, Economic, and Cultural Impacts of Energy Extraction and Development of Local Areas",no,no OA URL and not attempted — library physical/digital lookup required
meadows_1972_limits_to_growth,1970s,https://openalex.org/W1973893091,https://doi.org/10.1016/0360-1315(77)90001-x,1977,article,en,False,,Decision Sciences,Computers & Education,Dynamic modelling using FORTRAN IV,no,no OA URL and not attempted — library physical/digital lookup required
meadows_1972_limits_to_growth,1970s,https://openalex.org/W1973910211,https://doi.org/10.1080/01619567509538048,1975,article,en,False,,Decision Sciences,Peabody Journal of Education,Whistlepoints in American Higher Education,no,no OA URL and not attempted — library physical/digital lookup required
meadows_1972_limits_to_growth,1970s,https://openalex.org/W1977932190,https://doi.org/10.1016/0016-3287(78)90067-8,1978,article,en,False,,Physics and Astronomy,Futures,Conflict variables in world simulations,no,no OA URL and not attempted — library physical/digital lookup required
meadows_1972_limits_to_growth,1970s,https://openalex.org/W1981841304,https://doi.org/10.1177/030437547800300405,1978,article,en,False,,Social Sciences,Alternatives Global Local Political,China and World Order,no,no OA URL and not attempted — library physical/digital lookup required
meadows_1972_limits_to_growth,1980s,https://openalex.org/W1983483175,https://doi.org/10.2307/1240904,1983,article,en,False,,Environmental Science,American Journal of Agricultural Economics,Relation of Global Modeling to Development Planning,no,no OA URL and not attempted — library physical/digital lookup required
meadows_1972_limits_to_growth,1980s,https://openalex.org/W1990858450,https://doi.org/10.1007/bf02686489,1983,article,en,False,,Social Sciences,Studies in Comparative International Development,"The uneasy triangle: Theory, policy, and reality in educational resource flows between center and periphery",no,no OA URL and not attempted — library physical/digital lookup required
meadows_1972_limits_to_growth,1970s,https://openalex.org/W1991476453,https://doi.org/10.1038/246226a0,1973,article,en,False,,Physics and Astronomy,Nature,Ignorance about Limitations to Growth,no,no OA URL and not attempted — library physical/digital lookup required
meadows_1972_limits_to_growth,1980s,https://openalex.org/W1992780115,https://doi.org/10.1007/bf00973584,1982,article,en,False,,Environmental Science,Research in Higher Education,A management support model for community colleges,no,no OA URL and not attempted — library physical/digital lookup required
meadows_1972_limits_to_growth,1970s,https://openalex.org/W1993921178,https://doi.org/10.2307/1316955,1977,article,en,False,,Decision Sciences,Teaching Sociology,Interdisciplinary Instruction on the Dynamic Simulation of Social Systems,no,no OA URL and not attempted — library physical/digital lookup required
meadows_1972_limits_to_growth,1980s,https://openalex.org/W1995897585,https://doi.org/10.1287/inte.10.3.80,1980,article,en,False,,"Business, Management and Accounting",INFORMS Journal on Applied Analytics,Marketing Aspects of Global Modeling,no,no OA URL and not attempted — library physical/digital lookup required
meadows_1972_limits_to_growth,1980s,https://openalex.org/W2001880739,https://doi.org/10.1080/00268948908033754,1989,article,en,False,,Energy,Molecular Crystals and Liquid Crystals Incorporating Nonlinear Optics,World Energy Supply and Greenhouse Effect,no,no OA URL and not attempted — library physical/digital lookup required
meadows_1972_limits_to_growth,1980s,https://openalex.org/W2001932444,https://doi.org/10.5547/issn0195-6574-ej-vol1-no1-8,1980,article,en,False,,Environmental Science,The Energy Journal,Coal Policy and Energy Economics,no,no OA URL and not attempted — library physical/digital lookup required
meadows_1972_limits_to_growth,1980s,https://openalex.org/W2002856736,https://doi.org/10.1016/0301-4207(82)90042-3,1982,article,en,False,,Environmental Science,Resources Policy,Shortfalls in minerals investments,no,no OA URL and not attempted — library physical/digital lookup required
meadows_1972_limits_to_growth,1980s,https://openalex.org/W2005471526,https://doi.org/10.1007/bf01062924,1988,article,en,False,,Decision Sciences,Systemic Practice and Action Research,Applications of systems dialectics to integrated development,no,no OA URL and not attempted — library physical/digital lookup required
meadows_1972_limits_to_growth,1970s,https://openalex.org/W2008473435,https://doi.org/10.1016/0024-6301(75)90143-0,1975,article,en,False,,Energy,Long Range Planning,World energy resources and the limitations of computer modelling,no,no OA URL and not attempted — library physical/digital lookup required
meadows_1972_limits_to_growth,1970s,https://openalex.org/W2009052457,https://doi.org/10.1109/cdc.1977.271614,1977,article,en,False,,Decision Sciences,,"Society, research policy and systems science",no,no OA URL and not attempted — library physical/digital lookup required
meadows_1972_limits_to_growth,1970s,https://openalex.org/W2009161231,https://doi.org/10.1016/0301-4207(77)90031-9,1977,article,en,False,,"Economics, Econometrics and Finance",Resources Policy,Resource conservation and pricing,no,no OA URL and not attempted — library physical/digital lookup required
meadows_1972_limits_to_growth,1980s,https://openalex.org/W2011702752,https://doi.org/10.1080/00346768300000013,1983,article,en,False,,Energy,Review of Social Economy,The Energy Crisis: Requiem for the Growth-Oriented Economy,no,no OA URL and not attempted — library physical/digital lookup required
meadows_1972_limits_to_growth,1980s,https://openalex.org/W2012420474,https://doi.org/10.1007/bf02219427,1989,article,en,False,,Environmental Science,Agriculture and Human Values,Shrinking Danish agriculture,no,no OA URL and not attempted — library physical/digital lookup required
meadows_1972_limits_to_growth,1980s,https://openalex.org/W2016853824,https://doi.org/10.1016/0016-3287(84)90020-x,1984,article,en,False,,Social Sciences,Futures,Two cheers for modelling,no,no OA URL and not attempted — library physical/digital lookup required
meadows_1972_limits_to_growth,1980s,https://openalex.org/W2016968589,https://doi.org/10.1016/0016-3287(81)90107-5,1981,article,en,False,,Engineering,Futures,Availability of nonfuel minerals,no,no OA URL and not attempted — library physical/digital lookup required
meadows_1972_limits_to_growth,1980s,https://openalex.org/W2018868976,https://doi.org/10.1007/bf02270768,1985,article,en,False,,Environmental Science,Aquatic Ecology,The behaviour of Dutch fresh water ecologists in response to environmental concern,no,no OA URL and not attempted — library physical/digital lookup required
meadows_1972_limits_to_growth,1970s,https://openalex.org/W2020220812,https://doi.org/10.1080/03050627808434490,1978,article,en,False,,Social Sciences,International Interactions,A cusp catastrophe model of nuclear proliferation,no,no OA URL and not attempted — library physical/digital lookup required
meadows_1972_limits_to_growth,1970s,https://openalex.org/W2020231698,https://doi.org/10.1108/eb001058,1974,article,en,False,,Social Sciences,Management Decision,Consumerism as an Element of On‐going Social Change,no,no OA URL and not attempted — library physical/digital lookup required
meadows_1972_limits_to_growth,1980s,https://openalex.org/W2025406820,https://doi.org/10.1080/00346768300000002,1983,article,en,False,,"Economics, Econometrics and Finance",Review of Social Economy,Solar Energy and the Policies of First and Second Best,no,no OA URL and not attempted — library physical/digital lookup required
meadows_1972_limits_to_growth,1980s,https://openalex.org/W2028391452,https://doi.org/10.1016/0166-3097(86)90009-x,1986,article,en,False,,Environmental Science,Resources and Conservation,The economics of recycling — a matter of life for death for the recovery sector in the 1980s and 1990s,no,no OA URL and not attempted — library physical/digital lookup required
meadows_1972_limits_to_growth,1970s,https://openalex.org/W2036205572,https://doi.org/10.1016/0038-0121(77)90040-4,1977,review,en,False,,Nursing,Socio-Economic Planning Sciences,Policy applications of population models: A comparative review,no,no OA URL and not attempted — library physical/digital lookup required
meadows_1972_limits_to_growth,1970s,https://openalex.org/W2037985814,https://doi.org/10.2307/1057208,1978,article,en,False,,"Economics, Econometrics and Finance",Southern Economic Journal,Technical Change in Manufacturing Industries Using Natural Resource Products,no,no OA URL and not attempted — library physical/digital lookup required
meadows_1972_limits_to_growth,1980s,https://openalex.org/W2044250377,https://doi.org/10.1016/0264-2751(87)90067-9,1987,article,en,False,,Social Sciences,Cities,Urban growth and technological change in Latin America,no,no OA URL and not attempted — library physical/digital lookup required
meadows_1972_limits_to_growth,1980s,https://openalex.org/W2046566263,https://doi.org/10.1080/03031853.1980.9524578,1980,article,en,True,http://ageconsearch.umn.edu/record/266908,Agricultural and Biological Sciences,Agrekon,NUTRITIONAL AND DIETETIC REQUIREMENTS OF THE INDIVIDUAL AND SOCIETY: AN AGRICULTURAL ECONOMIC PERSPECTIVE,yes,had OA URL but extraction yielded 0 — likely PDF parsing limitation; library physical/digital lookup recommended
meadows_1972_limits_to_growth,1970s,https://openalex.org/W2047039639,https://doi.org/10.1111/j.1468-0130.1973.tb00034.x,1973,article,en,False,,Environmental Science,Peace &amp Change,NEW STRUCTURES AND APPROACHES FOR UNIVERSITY LEVEL PROGRAMS IN PEACE AND SOCIAL CHANGE BY,no,no OA URL and not attempted — library physical/digital lookup required
meadows_1972_limits_to_growth,1970s,https://openalex.org/W2052966015,https://doi.org/10.1177/019263657606039909,1976,article,en,False,,Social Sciences,NASSP Bulletin,A Case for Teaching the Humanities in the High Schools,no,no OA URL and not attempted — library physical/digital lookup required
meadows_1972_limits_to_growth,1970s,https://openalex.org/W2053771114,https://doi.org/10.1016/0016-3287(77)90002-7,1977,article,en,False,,Environmental Science,Futures,The growth of growth,no,no OA URL and not attempted — library physical/digital lookup required
meadows_1972_limits_to_growth,1970s,https://openalex.org/W2060588864,https://doi.org/10.1080/00201747508601757,1975,article,en,False,,"Economics, Econometrics and Finance",Inquiry,"On the human question, being the report of the Erewhonian high commission to evaluate technological society",no,no OA URL and not attempted — library physical/digital lookup required
meadows_1972_limits_to_growth,1980s,https://openalex.org/W2060865167,https://doi.org/10.1080/01900698208524430,1982,article,en,False,,"Economics, Econometrics and Finance",International Journal of Public Administration,Energy conservation policy in the united states and Sweden: Comparing research and development responses,no,no OA URL and not attempted — library physical/digital lookup required
meadows_1972_limits_to_growth,1970s,https://openalex.org/W2060976058,https://doi.org/10.1016/0013-7480(73)90102-2,1973,article,en,False,,Energy,Energy Conversion,Technical alternatives for energy management,no,no OA URL and not attempted — library physical/digital lookup required
meadows_1972_limits_to_growth,1970s,https://openalex.org/W2063582455,https://doi.org/10.1016/0024-6301(83)90188-7,1973,article,en,False,,Decision Sciences,Long Range Planning,Exploratory planning in an electronics corporation,no,no OA URL and not attempted — library physical/digital lookup required
meadows_1972_limits_to_growth,1980s,https://openalex.org/W2075728056,https://doi.org/10.1080/03768358508439147,1985,article,en,False,,Environmental Science,Development Southern Africa,Development thinking in the field of ethics,no,no OA URL and not attempted — library physical/digital lookup required
meadows_1972_limits_to_growth,1970s,https://openalex.org/W2076791784,https://doi.org/10.1080/00207237508709714,1975,article,en,False,,Earth and Planetary Sciences,International Journal of Environmental Studies,The environment from a systems viewpoint,no,no OA URL and not attempted — library physical/digital lookup required
meadows_1972_limits_to_growth,1980s,https://openalex.org/W2080227648,https://doi.org/10.1016/0016-3287(87)90040-1,1987,article,en,False,,Arts and Humanities,Futures,The historical process—a new perspective,no,no OA URL and not attempted — library physical/digital lookup required
meadows_1972_limits_to_growth,1970s,https://openalex.org/W2083420218,https://doi.org/10.1016/0016-3287(75)90020-8,1975,article,en,False,,Social Sciences,Futures,Women's roles and the great world transformation,no,no OA URL and not attempted — library physical/digital lookup required
meadows_1972_limits_to_growth,1970s,https://openalex.org/W2084376965,https://doi.org/10.1002/bs.3830230315,1978,article,en,False,,Computer Science,Systems Research and Behavioral Science,Theory content and explanatory power of simulation models,no,no OA URL and not attempted — library physical/digital lookup required
meadows_1972_limits_to_growth,1980s,https://openalex.org/W2091044990,https://doi.org/10.1002/bs.3830290303,1984,article,en,False,,Environmental Science,Systems Research and Behavioral Science,Simulation modeling perspectives of the Bangladesh family planning and female education system,no,no OA URL and not attempted — library physical/digital lookup required
meadows_1972_limits_to_growth,1980s,https://openalex.org/W20927857,https://doi.org/10.31274/rtd-180813-6029,1981,dissertation,en,True,https://doi.org/10.31274/rtd-180813-6029,"Economics, Econometrics and Finance",,The dynamics of crop yields in the U. S. Corn Belt as effected by weather and technological progress,yes,had OA URL but extraction yielded 0 — likely PDF parsing limitation; library physical/digital lookup recommended
meadows_1972_limits_to_growth,1970s,https://openalex.org/W2106984455,https://doi.org/10.1016/0016-3287(73)90037-2,1973,article,en,False,,Environmental Science,Futures,The future of the motorcar: Alternative scenarios,no,no OA URL and not attempted — library physical/digital lookup required
meadows_1972_limits_to_growth,1980s,https://openalex.org/W211507432,https://doi.org/10.1007/978-1-4613-3560-3_25,1983,book-chapter,en,False,,Decision Sciences,,"Models, Metaphors and the State of Knowledge",no,no OA URL and not attempted — library physical/digital lookup required
meadows_1972_limits_to_growth,1980s,https://openalex.org/W2130244394,https://doi.org/10.1177/0010414082015003006,1982,article,en,False,,Social Sciences,Comparative Political Studies,Designing Research on the World-System,no,no OA URL and not attempted — library physical/digital lookup required
meadows_1972_limits_to_growth,1970s,https://openalex.org/W2134732208,https://doi.org/10.1146/annurev.eg.02.110177.001515,1977,article,en,False,,Environmental Science,Annual Review of Energy,Perspectives on Energy in the People's Republic of China,no,no OA URL and not attempted — library physical/digital lookup required
meadows_1972_limits_to_growth,1970s,https://openalex.org/W2135135873,https://doi.org/10.1070/pu1977v020n06abeh005409,1977,article,en,False,,Earth and Planetary Sciences,Soviet Physics Uspekhi,Global problems and energy,no,no OA URL and not attempted — library physical/digital lookup required
meadows_1972_limits_to_growth,1980s,https://openalex.org/W2151031070,,1987,article,en,False,,Environmental Science,"Revista internacional de los estudios vascos = Eusko ikaskuntzen nazioarteko aldizkaria = Revue internationale des ètudes basques = International journal on Basque studies, RIEV",Human needs and development,no,no OA URL and not attempted — library physical/digital lookup required
meadows_1972_limits_to_growth,1970s,https://openalex.org/W2181510568,https://doi.org/10.1007/978-1-4757-0555-3_74,1978,book-chapter,en,False,,Decision Sciences,,The Limitations of Applied Systems Research,no,no OA URL and not attempted — library physical/digital lookup required
meadows_1972_limits_to_growth,1970s,https://openalex.org/W2187011578,https://doi.org/10.1007/978-1-4615-6921-3_19,1977,book-chapter,en,False,,Engineering,Environmental Chemistry,Notes on Electrochemical Transportation,no,no OA URL and not attempted — library physical/digital lookup required
meadows_1972_limits_to_growth,1980s,https://openalex.org/W2212633203,https://doi.org/10.1007/978-3-662-11247-2_2,1988,book-chapter,de,False,,"Business, Management and Accounting",Wirtschaftswissenschaftliche Beiträge,Der Bevölkerungsfaktor in der Wirtschaftstheorie — Literaturüberblick,no,no OA URL and not attempted — library physical/digital lookup required
meadows_1972_limits_to_growth,1980s,https://openalex.org/W2229632423,,1985,article,en,True,https://www.pp.bme.hu/tr/article/view/6772,Environmental Science,Periodica Polytechnica Transportation Engineering,TRANSPORT AND ENERGY IN BRITAIN AND HUNGARY - A COMPARISON,no,"OA URL present, not sampled in this run — extend automated extraction first"
meadows_1972_limits_to_growth,1980s,https://openalex.org/W2269668471,https://doi.org/10.13182/nse85-a18479,1985,article,en,False,,Energy,Nuclear Science and Engineering,The Nonnuclear Alvin Weinberg,no,no OA URL and not attempted — library physical/digital lookup required
meadows_1972_limits_to_growth,1970s,https://openalex.org/W2287258342,https://doi.org/10.1007/978-1-4684-2520-8_24,1978,book-chapter,en,False,,Social Sciences,,Environment and Public Policy in the United States: A Diffusion Analysis,no,no OA URL and not attempted — library physical/digital lookup required
meadows_1972_limits_to_growth,1980s,https://openalex.org/W2910843037,https://doi.org/10.13023/kwrri.rr.131,1982,article,en,True,https://uknowledge.uky.edu/kwrri_reports/72,Environmental Science,UKnowledge (University of Kentucky),Classification and Management of Wetlands in the Western Kentucky Coal Field,yes,had OA URL but extraction yielded 0 — likely PDF parsing limitation; library physical/digital lookup recommended
meadows_1972_limits_to_growth,1970s,https://openalex.org/W307300396,https://doi.org/10.1016/0304-1131(79)90012-2,1979,article,en,False,,Agricultural and Biological Sciences,Agriculture and Environment,"McGraw-Hill encyclopedia of food, agriculture and nutrition",no,no OA URL and not attempted — library physical/digital lookup required
meadows_1972_limits_to_growth,1970s,https://openalex.org/W329482991,,1976,article,en,False,,Environmental Science,Educational Horizons,Making Tomorrow Work in Education.,no,no OA URL and not attempted — library physical/digital lookup required
meadows_1972_limits_to_growth,1970s,https://openalex.org/W43551652,,1975,article,en,True,http://hdl.handle.net/2060/19750021774,Environmental Science,NASA Technical Reports Server (NASA),"Hierarchical models of very large problems, dilemmas, prospects, and an agenda for the future",no,"OA URL present, not sampled in this run — extend automated extraction first"
meadows_1972_limits_to_growth,1980s,https://openalex.org/W49467137,https://doi.org/10.1007/978-94-009-3895-3_8,1988,book-chapter,en,False,,"Economics, Econometrics and Finance",Theory and Decision,"The Impact of Computers on Job Opportunities: An Analysis of Employment Trends, 1972–1982",no,no OA URL and not attempted — library physical/digital lookup required
meadows_1972_limits_to_growth,1980s,https://openalex.org/W637876909,,1985,article,en,False,,Environmental Science,Cato Journal,Resources people and the Neomalthusian fallacy,no,no OA URL and not attempted — library physical/digital lookup required
meadows_1972_limits_to_growth,1970s,https://openalex.org/W82006653,https://doi.org/10.1007/978-3-642-65740-5_6,1973,book-chapter,de,False,,Social Sciences,Verhandlungen der Gesellschaft Deutscher Naturforscher und Ärzte,Das Welternährungsproblem—Produktion und Verteilung,no,no OA URL and not attempted — library physical/digital lookup required
meadows_1972_limits_to_growth,1970s,https://openalex.org/W978949023,https://doi.org/10.1007/978-1-4615-6921-3_3,1977,book-chapter,en,False,,Physics and Astronomy,Environmental Chemistry,The Psychochemistry of Pollutants,no,no OA URL and not attempted — library physical/digital lookup required
meadows_1972_limits_to_growth,1980s,https://openalex.org/W1012780324,,1987,article,en,False,,Environmental Science,Utafiti,The African 'population problem': situational versus world historical perspectives,no,no OA URL and not attempted — library physical/digital lookup required
meadows_1972_limits_to_growth,1980s,https://openalex.org/W1033944683,https://doi.org/10.1007/978-94-009-1213-7_13,1988,book-chapter,en,False,,"Economics, Econometrics and Finance",,Asymmetry in conservation: a capital stock analysis,no,no OA URL and not attempted — library physical/digital lookup required
meadows_1972_limits_to_growth,1980s,https://openalex.org/W112818523,https://doi.org/10.1007/978-1-4684-1506-3_1,1986,book-chapter,en,False,,Agricultural and Biological Sciences,,Our Threatened Agricultural Resources,no,no OA URL and not attempted — library physical/digital lookup required
meadows_1972_limits_to_growth,1980s,https://openalex.org/W116669367,https://doi.org/10.1007/978-3-642-81453-2_1,1980,book-chapter,en,False,,Engineering,,Role of Materials in the World Economy,no,no OA URL and not attempted — library physical/digital lookup required
meadows_1972_limits_to_growth,1970s,https://openalex.org/W1233394007,,1979,article,es,False,,Environmental Science,Americanae (AECID Library),Dimensión ambiental y el cambio en las relaciones internacionales de los países en desarrollo,no,no OA URL and not attempted — library physical/digital lookup required
meadows_1972_limits_to_growth,1970s,https://openalex.org/W130305779,https://doi.org/10.1007/978-1-4613-4136-9_4,1977,book-chapter,en,False,,Energy,,Electrochemistry_ in the Solar Economy,no,no OA URL and not attempted — library physical/digital lookup required
meadows_1972_limits_to_growth,1980s,https://openalex.org/W1490327056,https://doi.org/10.1016/0024-6301(83)90039-0,1983,article,en,False,,"Business, Management and Accounting",Long Range Planning,Entering the 21st century: The global 2000 report to the president—Book review article,no,no OA URL and not attempted — library physical/digital lookup required
meadows_1972_limits_to_growth,1970s,https://openalex.org/W152210777,https://doi.org/10.1016/s1474-6670(17)65697-0,1979,article,en,False,,Environmental Science,IFAC Proceedings Volumes,A Confluence of Feedback Loops in Social and Educational Structure: (in the Context of Developing and Developed Countries),no,no OA URL and not attempted — library physical/digital lookup required
meadows_1972_limits_to_growth,1970s,https://openalex.org/W153364316,https://doi.org/10.1007/978-3-642-65740-5_4,1973,book-chapter,de,False,,Engineering,Verhandlungen der Gesellschaft Deutscher Naturforscher und Ärzte,Die Energieversorgung der Menschheit,no,no OA URL and not attempted — library physical/digital lookup required
meadows_1972_limits_to_growth,1970s,https://openalex.org/W1550953466,https://doi.org/10.30541/v16i2pp.125-143,1977,article,en,True,http://thepdr.pk/pdr/index.php/pdr/article/download/446/446,"Economics, Econometrics and Finance",The Pakistan Development Review,Foreign Assistance and the New International Economic Order,no,"OA URL present, not sampled in this run — extend automated extraction first"
meadows_1972_limits_to_growth,1970s,https://openalex.org/W1553095667,https://doi.org/10.1007/3-540-06600-4_22,1973,book-chapter,en,False,,"Economics, Econometrics and Finance",Lecture notes in computer science,"On the optimal control on an infinite planning horizon of consumption, pollution, population and natural resource use",no,no OA URL and not attempted — library physical/digital lookup required
meadows_1972_limits_to_growth,1980s,https://openalex.org/W156811915,,1989,article,es,False,,Social Sciences,Dialnet (Universidad de la Rioja),Demografía y democracia. Consideraciones sobre las relaciones entre la demografía y la práctica política,no,no OA URL and not attempted — library physical/digital lookup required
meadows_1972_limits_to_growth,1970s,https://openalex.org/W1570243163,https://doi.org/10.30541/v17i3pp.302-315,1978,article,en,True,http://thepdr.pk/pdr/index.php/pdr/article/download/493/493,Environmental Science,The Pakistan Development Review,The Service Element in National Accounts: A Preliminary Basis for an Alternative Formulation,no,"OA URL present, not sampled in this run — extend automated extraction first"
meadows_1972_limits_to_growth,1980s,https://openalex.org/W159607045,https://doi.org/10.1007/978-94-009-1075-1_9,1989,book-chapter,en,False,,"Economics, Econometrics and Finance",Studies in industrial organization,Rent and Technological Change in the Extractive Industries,no,no OA URL and not attempted — library physical/digital lookup required
meadows_1972_limits_to_growth,1970s,https://openalex.org/W1602022739,https://doi.org/10.4271/730722,1973,article,en,False,,Environmental Science,SAE technical papers on CD-ROM/SAE technical paper series,A Transit Mode Combining the Best of Bus and Rail,no,no OA URL and not attempted — library physical/digital lookup required
meadows_1972_limits_to_growth,1970s,https://openalex.org/W1602123852,https://doi.org/10.1063/1.30806,1976,article,en,False,,Engineering,AIP conference proceedings,Implications of scarcity for materials research,no,no OA URL and not attempted — library physical/digital lookup required
meadows_1972_limits_to_growth,1980s,https://openalex.org/W1605642886,,1980,review,en,False,,Environmental Science,Serie Research Memoranda,Medium- and long-term models for the escap-region : a review of existing models and a proposal for a new model system,no,no OA URL and not attempted — library physical/digital lookup required
meadows_1972_limits_to_growth,1970s,https://openalex.org/W162293090,https://doi.org/10.1007/978-94-010-2083-1_13,1974,book-chapter,nl,False,,Social Sciences,,"De Praagse Lente, Een Concrete Utopie",no,no OA URL and not attempted — library physical/digital lookup required
meadows_1972_limits_to_growth,1970s,https://openalex.org/W169572784,https://doi.org/10.1007/978-3-642-80924-8_13,1975,book-chapter,en,False,,Environmental Science,Lecture notes in biomathematics,The Limits to Growth in a Neo-Classical Model,no,no OA URL and not attempted — library physical/digital lookup required
meadows_1972_limits_to_growth,1980s,https://openalex.org/W184560228,https://doi.org/10.1007/978-1-4684-1021-1_8,1980,book-chapter,en,False,,Agricultural and Biological Sciences,,Biological Nitrogen Fixation: A Fertilizer Strategy Potentially Beneficial for the Poor in Developing Countries,no,no OA URL and not attempted — library physical/digital lookup required
meadows_1972_limits_to_growth,1980s,https://openalex.org/W18890873,https://doi.org/10.1007/978-3-642-74946-9_40,1989,book-chapter,en,False,,Environmental Science,,A Socio-Economy Development Strategy Study of a Typical Underdeveloped Coastal Open City,no,no OA URL and not attempted — library physical/digital lookup required
meadows_1972_limits_to_growth,1980s,https://openalex.org/W1922240177,,1989,article,en,False,,Social Sciences,Seoul National University Open Repository (Seoul National University),NATIONAL LAND DEVELOPMENT AND URBAN POLICY IN KOREA,no,no OA URL and not attempted — library physical/digital lookup required
meadows_1972_limits_to_growth,1980s,https://openalex.org/W1964867821,https://doi.org/10.1145/989266.989272,1980,article,en,True,https://dl.acm.org/doi/pdf/10.1145/989266.989272,Physics and Astronomy,ACM SIGCSE Bulletin,Computer modeling in the social sciences,no,"OA URL present, not sampled in this run — extend automated extraction first"
meadows_1972_limits_to_growth,1980s,https://openalex.org/W1968214593,https://doi.org/10.1007/bf00252113,1987,article,en,False,,Psychology,Dialectical Anthropology,Notes on the achievement of communicative behavior and related difficulties,no,no OA URL and not attempted — library physical/digital lookup required
meadows_1972_limits_to_growth,1980s,https://openalex.org/W1968768322,https://doi.org/10.1016/0261-3069(84)90005-0,1983,article,en,False,,Environmental Science,Materials & Design (1980-2015),The challenge to the materials technologist,no,no OA URL and not attempted — library physical/digital lookup required
meadows_1972_limits_to_growth,1980s,https://openalex.org/W197145529,https://doi.org/10.1016/0016-3287(84)90009-0,1984,article,en,False,,Social Sciences,Futures,A societal map for the future,no,no OA URL and not attempted — library physical/digital lookup required
meadows_1972_limits_to_growth,1970s,https://openalex.org/W1973395619,https://doi.org/10.1080/03050627808434497,1978,article,en,False,,Social Sciences,International Interactions,Reduction of socio‐economic injustice: Four scenarios to the year 2001,no,no OA URL and not attempted — library physical/digital lookup required
meadows_1972_limits_to_growth,1980s,https://openalex.org/W1974594567,https://doi.org/10.5555/800080.802650,1981,article,en,False,,Environmental Science,NCSU Libraries Repository (North Carolina State University Libraries),CROGRO: An interactive forest growth simulator,no,no OA URL and not attempted — library physical/digital lookup required
meadows_1972_limits_to_growth,1980s,https://openalex.org/W1974703108,https://doi.org/10.1080/00323268008401746,1980,article,en,False,,Social Sciences,Politics,Environmentalism?: A reply to Kellow,no,no OA URL and not attempted — library physical/digital lookup required
meadows_1972_limits_to_growth,1980s,https://openalex.org/W1975732031,https://doi.org/10.1016/0169-2046(86)90060-5,1986,article,en,False,,Social Sciences,Landscape and Urban Planning,The training of planners and project implementation in Zimbabwe,no,no OA URL and not attempted — library physical/digital lookup required
meadows_1972_limits_to_growth,1970s,https://openalex.org/W1976497264,https://doi.org/10.1080/02604027.1977.9971888,1977,article,en,False,,Environmental Science,The Philosophy Forum,Holistic alternative future projections: An evaluation,no,no OA URL and not attempted — library physical/digital lookup required
meadows_1972_limits_to_growth,1970s,https://openalex.org/W1979723270,https://doi.org/10.1016/0024-6301(79)90082-7,1979,article,en,False,,Environmental Science,Long Range Planning,Recent trends in long range forecasting for technology-based organizations—Book review article,no,no OA URL and not attempted — library physical/digital lookup required
meadows_1972_limits_to_growth,1970s,https://openalex.org/W1980764729,https://doi.org/10.1002/bs.3830230302,1978,article,en,False,,Decision Sciences,Systems Research and Behavioral Science,World modeling: Some critical foundations,no,no OA URL and not attempted — library physical/digital lookup required
meadows_1972_limits_to_growth,1970s,https://openalex.org/W1981940665,https://doi.org/10.1007/bf02928951,1975,article,en,False,,Social Sciences,Intereconomics,The decline and fall of US foreign aid,no,no OA URL and not attempted — library physical/digital lookup required
meadows_1972_limits_to_growth,1980s,https://openalex.org/W1982927481,https://doi.org/10.1007/bf02388593,1985,article,en,False,,Social Sciences,Journal of Business Ethics,Informatics and society: Will there be an ‘information revolution’?,no,no OA URL and not attempted — library physical/digital lookup required
meadows_1972_limits_to_growth,1980s,https://openalex.org/W1990999586,https://doi.org/10.1080/02604027.1981.9971929,1981,article,en,False,,Social Sciences,World Futures,An Oughtopia through Educational Reorientation,no,no OA URL and not attempted — library physical/digital lookup required
meadows_1972_limits_to_growth,1970s,https://openalex.org/W1997530756,https://doi.org/10.1016/0040-1625(75)90036-0,1975,article,en,False,,Decision Sciences,Technological Forecasting and Social Change,The system of Ferney: A fable,no,no OA URL and not attempted — library physical/digital lookup required
meadows_1972_limits_to_growth,1970s,https://openalex.org/W1998753048,https://doi.org/10.1016/s0022-3182(77)80010-1,1977,article,en,False,,"Biochemistry, Genetics and Molecular Biology",Journal of Nutrition Education,Futures techniques applied to nutrition education,no,no OA URL and not attempted — library physical/digital lookup required
meadows_1972_limits_to_growth,1970s,https://openalex.org/W2003998735,https://doi.org/10.1037/h0076625,1975,article,en,False,,Environmental Science,Journal of Applied Psychology,Third-world managers' attitudes toward pollution.,no,no OA URL and not attempted — library physical/digital lookup required
meadows_1972_limits_to_growth,1980s,https://openalex.org/W2006322535,https://doi.org/10.1080/00207548308942391,1983,article,en,False,,Environmental Science,International Journal of Production Research,Econo-techno dynamic model for promotion of maritime industries in the developing countries,no,no OA URL and not attempted — library physical/digital lookup required
meadows_1972_limits_to_growth,1980s,https://openalex.org/W2012000190,https://doi.org/10.1002/bs.3830290204,1984,article,en,False,,Social Sciences,Systems Research and Behavioral Science,A spatiotemporal model of civilization,no,no OA URL and not attempted — library physical/digital lookup required
meadows_1972_limits_to_growth,1970s,https://openalex.org/W2013267806,https://doi.org/10.1163/156852179x00079,1979,article,en,False,,Environmental Science,African and Asian Studies,2. Sorokin's Scenario for the West: Implications for Third World Development,no,no OA URL and not attempted — library physical/digital lookup required
meadows_1972_limits_to_growth,1970s,https://openalex.org/W2015306854,https://doi.org/10.1016/0016-7185(79)90042-3,1979,article,en,False,,Engineering,Geoforum,The geography of mineral supply: The mainsprings of future uncertainties,no,no OA URL and not attempted — library physical/digital lookup required
meadows_1972_limits_to_growth,1980s,https://openalex.org/W2015355248,https://doi.org/10.1080/02604027.1984.9971982,1984,article,en,False,,Environmental Science,World Futures,Management of global environmental issues,no,no OA URL and not attempted — library physical/digital lookup required
meadows_1972_limits_to_growth,1970s,https://openalex.org/W2022291100,https://doi.org/10.1016/0024-6301(78)90111-5,1978,article,en,False,,"Economics, Econometrics and Finance",Long Range Planning,Future trends in world trade (A review of the Lima target),no,no OA URL and not attempted — library physical/digital lookup required
meadows_1972_limits_to_growth,1980s,https://openalex.org/W2029485140,https://doi.org/10.1080/02580144.1981.10428944,1981,article,en,False,,Environmental Science,South African Journal of Sociology,"Planning for the future: Malthus, neo-malthusianism, contra-malthusiasm or non-malthusianism?",no,no OA URL and not attempted — library physical/digital lookup required
meadows_1972_limits_to_growth,1970s,https://openalex.org/W202976845,,1974,article,en,True,https://digitalcommons.usu.edu/cgi/viewcontent.cgi?article=1416&context=water_rep,Environmental Science,Digital Commons - USU (Utah State University),Component Description of Sediment-Water Microcosms,no,"OA URL present, not sampled in this run — extend automated extraction first"
meadows_1972_limits_to_growth,1970s,https://openalex.org/W2033018652,https://doi.org/10.1179/030716974803287672,1974,article,en,False,,Engineering,Metals Technology,24th Hatfield Memorial Lecture: Eurosteelresearch,no,no OA URL and not attempted — library physical/digital lookup required
meadows_1972_limits_to_growth,1970s,https://openalex.org/W2040241981,https://doi.org/10.1108/eb009713,1974,article,en,False,,Decision Sciences,Journal of Educational Administration,THE HISTORICAL PERSPECTIVE OF EDUCATIONAL DECISION,no,no OA URL and not attempted — library physical/digital lookup required
meadows_1972_limits_to_growth,1980s,https://openalex.org/W2040488573,https://doi.org/10.1016/0261-3069(81)90052-2,1981,article,en,False,,Environmental Science,Materials & Design (1980-2015),Fuel cells ≈ operating parameters,no,no OA URL and not attempted — library physical/digital lookup required
meadows_1972_limits_to_growth,1980s,https://openalex.org/W2042543685,https://doi.org/10.2333/bhmk.7.8_57,1980,article,en,False,,Engineering,Behaviormetrika,Construction of a System Dynamics Model by Principal Component Analysis,no,no OA URL and not attempted — library physical/digital lookup required
meadows_1972_limits_to_growth,1980s,https://openalex.org/W2043344921,https://doi.org/10.1007/bf02115695,1989,article,nl,False,,"Economics, Econometrics and Finance",De Economist,Theo van de Klundert: A frontier economist,no,no OA URL and not attempted — library physical/digital lookup required
meadows_1972_limits_to_growth,1970s,https://openalex.org/W2043906442,https://doi.org/10.1016/0197-3975(78)90015-2,1978,article,en,False,,Environmental Science,Habitat International,"Design, construction, improvement and utilization of buildings",no,no OA URL and not attempted — library physical/digital lookup required
meadows_1972_limits_to_growth,1980s,https://openalex.org/W2044838104,https://doi.org/10.1016/0038-0121(81)90014-8,1981,article,en,False,,"Economics, Econometrics and Finance",Socio-Economic Planning Sciences,Watersheds of success and failure: Policy options in face of gathering risks,no,no OA URL and not attempted — library physical/digital lookup required
meadows_1972_limits_to_growth,1970s,https://openalex.org/W2046192227,https://doi.org/10.1080/00336297.1974.10519787,1974,article,en,False,,Health Professions,Quest,Physical Education and Sport: Alternatives for the Future,no,no OA URL and not attempted — library physical/digital lookup required
meadows_1972_limits_to_growth,1980s,https://openalex.org/W2046544576,https://doi.org/10.1080/00779958309544068,1983,article,en,False,,"Economics, Econometrics and Finance",New Zealand Economic Papers,Some issues in economy‐wide modelling in New Zealand∗,no,no OA URL and not attempted — library physical/digital lookup required
meadows_1972_limits_to_growth,1970s,https://openalex.org/W2047056426,https://doi.org/10.1016/0024-6301(79)90119-5,1979,article,en,False,,Environmental Science,Long Range Planning,The long range planning of criminal justice systems,no,no OA URL and not attempted — library physical/digital lookup required
meadows_1972_limits_to_growth,1970s,https://openalex.org/W2047335400,https://doi.org/10.1525/aa.1976.78.2.02a00220,1976,article,en,False,,Social Sciences,American Anthropologist,Reply to Befu's Comment on Brandt's Review,no,no OA URL and not attempted — library physical/digital lookup required
meadows_1972_limits_to_growth,1970s,https://openalex.org/W2050549727,https://doi.org/10.1002/er.4440010304,1977,article,en,False,,Social Sciences,International Journal of Energy Research,The first law of uranium dynamics,no,no OA URL and not attempted — library physical/digital lookup required
meadows_1972_limits_to_growth,1980s,https://openalex.org/W2051901112,https://doi.org/10.1007/bf01871570,1984,article,en,False,,Environmental Science,Environmental Management,Progress and Privilege: A book about environmentalism meets the press,no,no OA URL and not attempted — library physical/digital lookup required
meadows_1972_limits_to_growth,1980s,https://openalex.org/W2053574586,https://doi.org/10.1002/er.4440040304,1980,article,en,False,,Environmental Science,International Journal of Energy Research,Energy and society,no,no OA URL and not attempted — library physical/digital lookup required
meadows_1972_limits_to_growth,1980s,https://openalex.org/W2057624179,https://doi.org/10.1080/00320718208711664,1982,article,en,False,,Social Sciences,Planning Outlook,Development illusions in replica planning: lessons from field experience with smaller nations,no,no OA URL and not attempted — library physical/digital lookup required
meadows_1972_limits_to_growth,1980s,https://openalex.org/W2064946644,https://doi.org/10.1016/0016-3287(89)90049-9,1989,article,en,False,,Environmental Science,Futures,Forecasting our environmental future,no,no OA URL and not attempted — library physical/digital lookup required
meadows_1972_limits_to_growth,1980s,https://openalex.org/W2066902815,https://doi.org/10.1016/0167-8493(87)90032-5,1987,article,en,False,,Engineering,Robotics,New social options by the use of robots within an appropriate work organization,no,no OA URL and not attempted — library physical/digital lookup required
meadows_1972_limits_to_growth,1980s,https://openalex.org/W2068799218,https://doi.org/10.1080/00346768200000003,1982,article,en,False,,Environmental Science,Review of Social Economy,Harmonizing Economic and Environmental Needs Via a Consensus Approach: The Wisconsin Copper Mining Case,no,no OA URL and not attempted — library physical/digital lookup required
meadows_1972_limits_to_growth,1970s,https://openalex.org/W2072303591,https://doi.org/10.1080/00346767700000019,1977,article,en,False,,Engineering,Review of Social Economy,A “Reasoning by Analogy” Approach to the Emerging Population-Resource/Pollution Problem,no,no OA URL and not attempted — library physical/digital lookup required
meadows_1972_limits_to_growth,1970s,https://openalex.org/W2073726614,https://doi.org/10.1016/0040-1625(78)90024-0,1978,article,en,False,,Decision Sciences,Technological Forecasting and Social Change,Implications of a world system hypothesis,no,no OA URL and not attempted — library physical/digital lookup required
meadows_1972_limits_to_growth,1970s,https://openalex.org/W2074911430,https://doi.org/10.1016/0040-1625(75)90028-1,1975,article,en,False,,Social Sciences,Technological Forecasting and Social Change,Goals for global society: Third generation project for the club of Rome,no,no OA URL and not attempted — library physical/digital lookup required
meadows_1972_limits_to_growth,1970s,https://openalex.org/W2075280367,https://doi.org/10.1080/03050627608434431,1976,article,en,False,,Social Sciences,International Interactions,Symbolic reflections of the environmental crisis: Some International Implications,no,no OA URL and not attempted — library physical/digital lookup required
meadows_1972_limits_to_growth,1970s,https://openalex.org/W2078726401,https://doi.org/10.1080/00346767300000004,1973,article,en,False,,"Business, Management and Accounting",Review of Social Economy,The Widening Gaps: are there Tolerance Levels?,no,no OA URL and not attempted — library physical/digital lookup required
meadows_1972_limits_to_growth,1970s,https://openalex.org/W2080508179,https://doi.org/10.1007/bf01944640,1975,article,en,False,,Social Sciences,Cellular and Molecular Life Sciences,A plea for more ecological ethics in development aid,no,no OA URL and not attempted — library physical/digital lookup required
meadows_1972_limits_to_growth,1980s,https://openalex.org/W2093013976,https://doi.org/10.1080/07488008508408619,1985,article,en,False,,Health Professions,Medicine and War,Health and the arms race,no,no OA URL and not attempted — library physical/digital lookup required
meadows_1972_limits_to_growth,1970s,https://openalex.org/W2093026804,https://doi.org/10.1007/bf02800435,1973,article,en,False,,Social Sciences,Studies in Comparative International Development,Policy guidelines for collective bargaining and family planning,no,no OA URL and not attempted — library physical/digital lookup required
meadows_1972_limits_to_growth,1980s,https://openalex.org/W2099555983,,1986,article,en,False,,Decision Sciences,,ARCHIVES Problems with causal-loop diagrams,no,no OA URL and not attempted — library physical/digital lookup required
meadows_1972_limits_to_growth,1980s,https://openalex.org/W2111178432,,1983,article,en,True,https://digitalcommons.unl.edu/cgi/viewcontent.cgi?article=1010&context=sociologyfacpub,Environmental Science,Lincoln (University of Nebraska),Dryland Agriculture: Sociology,no,"OA URL present, not sampled in this run — extend automated extraction first"
meadows_1972_limits_to_growth,1970s,https://openalex.org/W2115157860,https://doi.org/10.1177/000765037401500104,1974,article,en,False,,"Economics, Econometrics and Finance",Business & Society,The Future of Industry's Growthmanship,no,no OA URL and not attempted — library physical/digital lookup required
meadows_1972_limits_to_growth,1970s,https://openalex.org/W2119972962,,1978,article,af,False,,Environmental Science,,Geologie in 'n toekoms van beperkte hulpbronne,no,no OA URL and not attempted — library physical/digital lookup required
meadows_1972_limits_to_growth,1980s,https://openalex.org/W2127276783,https://doi.org/10.1007/978-3-322-84272-5_3,1989,book-chapter,de,False,,Environmental Science,VS Verlag für Sozialwissenschaften eBooks,Das Umweltthema als politisches Problem,no,no OA URL and not attempted — library physical/digital lookup required
meadows_1972_limits_to_growth,1980s,https://openalex.org/W2128079311,https://doi.org/10.1016/0016-3287(81)90048-3,1981,article,en,False,,Social Sciences,Futures,Simulation of strategies for long-term international development,no,no OA URL and not attempted — library physical/digital lookup required
meadows_1972_limits_to_growth,1970s,https://openalex.org/W2132355970,https://doi.org/10.1007/978-3-642-93083-6_2,1978,book-chapter,en,False,,Mathematics,Lecture notes in biomathematics,Existence Criteria for Bifurcations as Stability Criteria for Critical Nonlinear Control Systems,no,no OA URL and not attempted — library physical/digital lookup required
meadows_1972_limits_to_growth,1980s,https://openalex.org/W2138841002,https://doi.org/10.1007/bf02758726,1983,article,en,False,,Environmental Science,Forum for Social Economics,Achieving a just distribution of income—Herman Daly or John Rawls?,no,no OA URL and not attempted — library physical/digital lookup required
meadows_1972_limits_to_growth,1970s,https://openalex.org/W2139291092,https://doi.org/10.1007/978-1-4684-2232-0_1,1976,book-chapter,en,False,,Physics and Astronomy,,The Global Ecosystem and Human Activity,no,no OA URL and not attempted — library physical/digital lookup required
meadows_1972_limits_to_growth,1980s,https://openalex.org/W2147038086,https://doi.org/10.1016/0361-3658(85)90023-2,1985,article,en,False,,Environmental Science,Conservation & Recycling,Why and how to control energy pollution can harmonisation work?,no,no OA URL and not attempted — library physical/digital lookup required
meadows_1972_limits_to_growth,1970s,https://openalex.org/W2187317282,,1974,article,en,False,,Environmental Science,,Development; Conflict .resolution; *Energy Conservation; *Environmental Education; Models; Moral Development; *Moral Issues; Moral Values; *Problem Solving; Questioning Techniques; Teaching Techniques,no,no OA URL and not attempted — library physical/digital lookup required
meadows_1972_limits_to_growth,1970s,https://openalex.org/W2206993266,,1976,article,en,False,,Environmental Science,International Review of Modern Sociology,"ZERO POPULATION GROWTH, OPTIMUM POPULATION GROWTH, OPTIMUM POPULATION AND QUALITY OF LIFE",no,no OA URL and not attempted — library physical/digital lookup required
meadows_1972_limits_to_growth,1980s,https://openalex.org/W2240433398,https://doi.org/10.1007/978-3-642-68619-1_16,1982,book-chapter,de,False,,"Business, Management and Accounting",,Neuere Entwicklungen in der Anwendung von OR-Methoden auf Öffentliche Verwaltungen,no,no OA URL and not attempted — library physical/digital lookup required
meadows_1972_limits_to_growth,1970s,https://openalex.org/W2270764207,https://doi.org/10.1080/03155986.1977.11731651,1977,article,en,False,,Environmental Science,INFOR Information Systems and Operational Research,Market Feedbacks and the Limits to Growth,no,no OA URL and not attempted — library physical/digital lookup required
meadows_1972_limits_to_growth,1970s,https://openalex.org/W227249719,https://doi.org/10.1007/978-1-4684-3512-2_27,1979,book-chapter,en,False,,Agricultural and Biological Sciences,,Agriculture in the Year 2000: A Script for Survival,no,no OA URL and not attempted — library physical/digital lookup required
meadows_1972_limits_to_growth,1970s,https://openalex.org/W2274756537,,1979,article,en,False,,"Economics, Econometrics and Finance",PubMed,Economic development and population growth.,no,no OA URL and not attempted — library physical/digital lookup required
meadows_1972_limits_to_growth,1980s,https://openalex.org/W2291080336,,1987,article,hu,False,,Environmental Science,,A TERÜLETFEJLESZTÉSI STRATÉGIÁK VÁLTOZÓ KÜLS Ő FELTÉTELEI ÉS ÚJ KONCEPCIÓI,no,no OA URL and not attempted — library physical/digital lookup required
meadows_1972_limits_to_growth,1980s,https://openalex.org/W2334842341,https://doi.org/10.7210/jrsj.3.30,1985,article,en,True,https://www.jstage.jst.go.jp/article/jrsj1983/3/1/3_1_30/_pdf,Engineering,Journal of the Robotics Society of Japan,An economic analysis on robot.,no,"OA URL present, not sampled in this run — extend automated extraction first"
meadows_1972_limits_to_growth,1970s,https://openalex.org/W2336083603,,1979,article,es,False,,Environmental Science,Americanae (AECID Library),Evolución del pensamiento ecológico,no,no OA URL and not attempted — library physical/digital lookup required
meadows_1972_limits_to_growth,1970s,https://openalex.org/W2338975885,,1973,article,en,False,,Social Sciences,,Reports; *Ecology; *Environment; Environmental Influences; *Ethical Values; *Ethics; Land Use; Religious Factors,no,no OA URL and not attempted — library physical/digital lookup required
meadows_1972_limits_to_growth,1970s,https://openalex.org/W2340657944,,1977,article,en,False,,Environmental Science,,DECISION- MAKING AND AGRICULTURE,no,no OA URL and not attempted — library physical/digital lookup required
meadows_1972_limits_to_growth,1970s,https://openalex.org/W235607957,,1974,article,en,False,,Social Sciences,DigitalGeorgetown (Georgetown University Library),"Science, Technology, Law: The Good Life.",no,no OA URL and not attempted — library physical/digital lookup required
meadows_1972_limits_to_growth,1970s,https://openalex.org/W23874690,https://doi.org/10.1371/journal.pone.0068618,1976,article,en,True,http://www.tci-thaijo.org/index.php/easr/article/view/8395/0,Environmental Science,Engineering and Applied Science Research,Environmental Pollution and Our Future,yes,had OA URL but extraction yielded 0 — likely PDF parsing limitation; library physical/digital lookup recommended
meadows_1972_limits_to_growth,1970s,https://openalex.org/W241668699,https://doi.org/10.2307/4445989,1977,article,en,False,,Physics and Astronomy,The American Biology Teacher,Is Our Biology to Blame?,no,no OA URL and not attempted — library physical/digital lookup required
meadows_1972_limits_to_growth,1970s,https://openalex.org/W2469459890,,1976,article,en,True,https://scholarworks.umt.edu/cgi/viewcontent.cgi?article=6975&context=etd,Environmental Science,The Mathematics Enthusiast,"Preservation, the public interest and environmental reform",no,"OA URL present, not sampled in this run — extend automated extraction first"
meadows_1972_limits_to_growth,1970s,https://openalex.org/W2476158209,https://doi.org/10.1680/wres.00162.0008,1976,book-chapter,en,False,,Engineering,,5. Metallic resources - production of ores,no,no OA URL and not attempted — library physical/digital lookup required
meadows_1972_limits_to_growth,1970s,https://openalex.org/W2479366557,https://doi.org/10.1007/978-94-009-8582-7_7,1974,book-chapter,en,False,,Social Sciences,,New Communities: An Analytic Approach,no,no OA URL and not attempted — library physical/digital lookup required
meadows_1972_limits_to_growth,1970s,https://openalex.org/W2483133731,https://doi.org/10.1007/978-3-0348-6503-6_4,1974,book-chapter,de,False,,Social Sciences,Proceedings of the Fourth International Symposium on Polarization Phenomena in Nuclear Reactions,"Die Stellung des Gesetzgebers im Kraeftefeld von Staats-, Verfassungs- und International-Rechtlichen Bindungen",no,no OA URL and not attempted — library physical/digital lookup required
meadows_1972_limits_to_growth,1970s,https://openalex.org/W2487177934,https://doi.org/10.1007/978-1-349-81406-0_2,1979,book-chapter,en,False,,"Economics, Econometrics and Finance",Palgrave Macmillan UK eBooks,Investment in Natural Resource Development,no,no OA URL and not attempted — library physical/digital lookup required
meadows_1972_limits_to_growth,1980s,https://openalex.org/W2524470684,https://doi.org/10.11375/kokusaiseiji1957.64_162,1980,article,en,False,,Environmental Science,International Relations,The Logic of International Interaction,no,no OA URL and not attempted — library physical/digital lookup required
meadows_1972_limits_to_growth,1980s,https://openalex.org/W2565020987,https://doi.org/10.1002/srin.198205168,1982,article,de,False,,Engineering,Archiv für das Eisenhüttenwesen,Energy saving using statistical modelling techniques in thermal phenomena of steel processing,no,no OA URL and not attempted — library physical/digital lookup required
meadows_1972_limits_to_growth,1970s,https://openalex.org/W2573575169,,1975,article,en,False,,Environmental Science,,A Policy Model Appraisal,no,no OA URL and not attempted — library physical/digital lookup required
meadows_1972_limits_to_growth,1970s,https://openalex.org/W2621090268,,1979,article,en,False,,Environmental Science,SPOUDAI Journal of Economics and Business,System dynamics: a new management technique,no,no OA URL and not attempted — library physical/digital lookup required
meadows_1972_limits_to_growth,1970s,https://openalex.org/W2732822537,https://doi.org/10.1016/s1474-6670(17)68301-0,1973,article,en,False,,Environmental Science,IFAC Proceedings Volumes,Technology Assessment for Developing Nations,no,no OA URL and not attempted — library physical/digital lookup required
meadows_1972_limits_to_growth,1970s,https://openalex.org/W2779028657,https://doi.org/10.31390/gradschool_disstheses.2886,1975,dissertation,en,True,https://repository.lsu.edu/cgi/viewcontent.cgi?article=3885&context=gradschool_disstheses,"Economics, Econometrics and Finance",,The Influence of Francis Hutcheson on the Development of Economic Thought.,no,"OA URL present, not sampled in this run — extend automated extraction first"
meadows_1972_limits_to_growth,1980s,https://openalex.org/W278913708,,1988,article,en,False,,Environmental Science,,A Management Analysis and Structural Model of the Defense Acquisition System,no,no OA URL and not attempted — library physical/digital lookup required
meadows_1972_limits_to_growth,1970s,https://openalex.org/W2791051357,,1979,article,en,False,,Environmental Science,,An Essay Regarding the Systems Approach in Social Science from the View of Political Science,no,no OA URL and not attempted — library physical/digital lookup required
meadows_1972_limits_to_growth,1970s,https://openalex.org/W2799780524,,1976,article,en,False,,Environmental Science,,Stimulus Properties of Population Density,no,no OA URL and not attempted — library physical/digital lookup required
meadows_1972_limits_to_growth,1970s,https://openalex.org/W2914567331,https://doi.org/10.1017/s0770451800080477,1978,article,fr,False,,Environmental Science,Recherches économiques de Louvain,Economie des ressources naturelles non renouvelables: un survol,no,no OA URL and not attempted — library physical/digital lookup required
meadows_1972_limits_to_growth,1970s,https://openalex.org/W2947967467,,1974,article,en,False,,Environmental Science,,Future United States Energy Demand Patterns,no,no OA URL and not attempted — library physical/digital lookup required
meadows_1972_limits_to_growth,1980s,https://openalex.org/W3013056542,https://doi.org/10.1007/bf02663293,1983,article,en,False,,"Biochemistry, Genetics and Molecular Biology",Metallurgical Transactions A,Atlas never shrugged,no,no OA URL and not attempted — library physical/digital lookup required
meadows_1972_limits_to_growth,1970s,https://openalex.org/W306441302,https://doi.org/10.2307/4445610,1976,article,en,False,,Agricultural and Biological Sciences,The American Biology Teacher,Man in Nature Overwhelmed: The American Land Pyramid in Crisis,no,no OA URL and not attempted — library physical/digital lookup required
meadows_1972_limits_to_growth,1980s,https://openalex.org/W3093078108,,1988,dissertation,en,False,,Psychology,Open University of Cape Town (University of Cape Town),"A proposed framework for recreation planning in South Africa, with particular reference to the Cederberg",no,no OA URL and not attempted — library physical/digital lookup required
meadows_1972_limits_to_growth,1970s,https://openalex.org/W3169265784,,1972,article,en,True,https://digitalcommons.morris.umn.edu/cgi/viewcontent.cgi?article=1438&context=jmas,Environmental Science,Digital Well (University of Minnesota Morris),Nickel Mining and the BWCA: A Question of Priorities,no,"OA URL present, not sampled in this run — extend automated extraction first"
meadows_1972_limits_to_growth,1970s,https://openalex.org/W329367697,,1973,article,en,False,,Social Sciences,The Science Teacher,Forecasting the Future of Spaceship Earth: An Approach to Environmental Education.,no,no OA URL and not attempted — library physical/digital lookup required
meadows_1972_limits_to_growth,1970s,https://openalex.org/W331924157,https://doi.org/10.1007/978-3-642-66131-0_7,1975,book-chapter,de,False,,Medicine,Heidelberger Taschenbücher,Der erste Schritt in Richtung auf eine Lösung: Das Netzwerk der Schuld verstehen,no,no OA URL and not attempted — library physical/digital lookup required
meadows_1972_limits_to_growth,1970s,https://openalex.org/W367034032,,1973,article,en,False,,Decision Sciences,UA Campus Repository (The University of Arizona),EFFECTS OF SPAN AND DISCUSSION-INTERVENTION METHODS ON THE QUALITY OF GROUP DECISION-MAKING CONCERNING AN EXPERT VALIDATED ENVIRONMENTAL CRISES PREDICTION PROBLEM,no,no OA URL and not attempted — library physical/digital lookup required
meadows_1972_limits_to_growth,1970s,https://openalex.org/W39617183,https://doi.org/10.1007/978-3-642-95284-5_12,1976,book-chapter,en,False,,"Economics, Econometrics and Finance",Lecture notes in economics and mathematical systems,From Wages to Badly Circulating Rent,no,no OA URL and not attempted — library physical/digital lookup required
meadows_1972_limits_to_growth,1970s,https://openalex.org/W432040497,https://doi.org/10.1007/978-3-322-85813-9_21,1974,book-chapter,de,False,,"Business, Management and Accounting",VS Verlag für Sozialwissenschaften eBooks,Die Implikationen multidimensionaler Zielsysteme für die Entwicklung operationaler Theoriesysteme,no,no OA URL and not attempted — library physical/digital lookup required
meadows_1972_limits_to_growth,1970s,https://openalex.org/W571439421,https://doi.org/10.1007/978-3-0348-5793-2_31,1976,book-chapter,en,False,,Decision Sciences,Birkhäuser Basel eBooks,An Interactive Graphic Programming System for the Construction of Dynamic Simulation Models,no,no OA URL and not attempted — library physical/digital lookup required
meadows_1972_limits_to_growth,1980s,https://openalex.org/W574157041,https://doi.org/10.22201/iifs.18704905e.1983.424,1983,article,es,True,http://critica.filosoficas.unam.mx/index.php/critica/article/download/424/411,Psychology,Crítica (México D F En línea),¿Deducibility Implies Revelance? A Negative Answer (I) (On the Philosophical Status of Relevant Logic),no,"OA URL present, not sampled in this run — extend automated extraction first"
meadows_1972_limits_to_growth,1970s,https://openalex.org/W618196775,,1973,dissertation,en,True,http://summit.sfu.ca/item/2956,Environmental Science,Summit (Simon Fraser University),Organizing dialogue between scientists and citizens : problems in the use of video in continuing education. --,yes,had OA URL but extraction yielded 0 — likely PDF parsing limitation; library physical/digital lookup recommended
meadows_1972_limits_to_growth,1980s,https://openalex.org/W62406601,https://doi.org/10.1007/978-3-642-73576-9_54,1988,book-chapter,en,False,,Social Sciences,,Computer-Assisted Simulation Games as Training Aids for Regional Planners,no,no OA URL and not attempted — library physical/digital lookup required
meadows_1972_limits_to_growth,1980s,https://openalex.org/W69053049,https://doi.org/10.1007/978-3-642-69540-7_19,1984,book-chapter,en,False,,"Economics, Econometrics and Finance",Springer series in synergetics,New Synergisms in Socio-Economic Systems: More Questions than Answers,no,no OA URL and not attempted — library physical/digital lookup required
meadows_1972_limits_to_growth,1970s,https://openalex.org/W759456828,,1972,article,en,True,http://hdl.handle.net/2142/1594,Environmental Science,Illinois Digital Environment for Access to Learning and Scholarship (University of Illinois at Urbana-Champaign),Information Resources in Environmental Sciences: An Academic Viewpoint,no,"OA URL present, not sampled in this run — extend automated extraction first"
meadows_1972_limits_to_growth,1970s,https://openalex.org/W79722153,https://doi.org/10.1007/978-1-4615-8597-8_1,1977,book-chapter,en,False,,Environmental Science,,Environmental and Ecological Thought,no,no OA URL and not attempted — library physical/digital lookup required
meadows_1972_limits_to_growth,1970s,https://openalex.org/W800433165,,1978,dissertation,en,False,,Environmental Science,UA Campus Repository (The University of Arizona),HYDROLOGIC MODELING FOR WATERSHED EROSION CONTROL,no,no OA URL and not attempted — library physical/digital lookup required
meadows_1972_limits_to_growth,1970s,https://openalex.org/W98192535,https://doi.org/10.1007/978-94-010-2056-5_5,1974,book-chapter,en,False,,Social Sciences,,Visions and Explanations: Four Perspectives on Education and Work,no,no OA URL and not attempted — library physical/digital lookup required
meadows_1972_limits_to_growth,1980s,https://openalex.org/W2158439278,,1988,article,en,True,http://hdl.handle.net/10161/1928,"Economics, Econometrics and Finance",DukeSpace (Duke University),Economic Consequences of Population Change in the Third World,no,"OA URL present, not sampled in this run — extend automated extraction first"
meadows_1972_limits_to_growth,1980s,https://openalex.org/W1972010871,https://doi.org/10.1177/030631287017003002,1987,article,en,False,,Social Sciences,Social Studies of Science,Representations of Nature Mediating Between Ecology and Science Policy: The Case of the International Biological Programme,no,no OA URL and not attempted — library physical/digital lookup required
meadows_1972_limits_to_growth,1970s,https://openalex.org/W2207468033,https://doi.org/10.1007/978-3-642-80913-2_15,1975,book-chapter,en,False,,Earth and Planetary Sciences,Ecological studies,The Biosphere and Man,no,no OA URL and not attempted — library physical/digital lookup required
meadows_1972_limits_to_growth,1980s,https://openalex.org/W232638862,https://doi.org/10.1016/b978-0-12-624180-8.50018-4,1981,book-chapter,en,False,,Social Sciences,Elsevier eBooks,Modern Material Culture Studies,no,no OA URL and not attempted — library physical/digital lookup required
meadows_1972_limits_to_growth,1980s,https://openalex.org/W1996621509,https://doi.org/10.1177/0013916585172002,1985,article,en,False,,Decision Sciences,Environment and Behavior,State of the Art in Social Impact Assessment,no,no OA URL and not attempted — library physical/digital lookup required
meadows_1972_limits_to_growth,1980s,https://openalex.org/W1967045661,https://doi.org/10.1177/027046768100100120,1981,article,en,False,,Social Sciences,Bulletin of Science Technology & Society,Technology and Human Values,no,no OA URL and not attempted — library physical/digital lookup required
meadows_1972_limits_to_growth,1970s,https://openalex.org/W3023220322,https://doi.org/10.2307/2060819,1973,article,en,True,https://read.dukeupress.edu/demography/article-pdf/10/2/289/907417/289robinson.pdf,Social Sciences,Demography,Review symposium,no,"OA URL present, not sampled in this run — extend automated extraction first"
meadows_1972_limits_to_growth,1970s,https://openalex.org/W2010427877,https://doi.org/10.1016/0016-3287(77)90022-2,1977,article,en,False,,Social Sciences,Futures,The two visions of post-industrial society,no,no OA URL and not attempted — library physical/digital lookup required
meadows_1972_limits_to_growth,1980s,https://openalex.org/W2006343710,https://doi.org/10.1016/0016-3287(87)90022-x,1987,article,en,False,,Environmental Science,Futures,Doing futures research—Anthropologically,no,no OA URL and not attempted — library physical/digital lookup required
meadows_1972_limits_to_growth,1970s,https://openalex.org/W2324633173,https://doi.org/10.2307/2600194,1977,article,en,False,,Environmental Science,International Studies Quarterly,The Commons and Lifeboat as Guides for International Ecological Policy,no,no OA URL and not attempted — library physical/digital lookup required
meadows_1972_limits_to_growth,1970s,https://openalex.org/W2070397103,https://doi.org/10.1007/bf02407506,1976,article,en,False,,Computer Science,Environmental Geology,"Earth resources, time, and man — A geoscience perspective",no,no OA URL and not attempted — library physical/digital lookup required
meadows_1972_limits_to_growth,1970s,https://openalex.org/W2157646529,https://doi.org/10.1177/006996677400800108,1974,article,en,False,,Decision Sciences,Contributions to Indian Sociology,For a Sociology of India,no,no OA URL and not attempted — library physical/digital lookup required
meadows_1972_limits_to_growth,1980s,https://openalex.org/W2033380305,https://doi.org/10.1016/0260-4779(82)90054-1,1982,article,en,False,,Arts and Humanities,International Journal of Museum Management and Curatorship,Thirty years of museum education: Some reflections,no,no OA URL and not attempted — library physical/digital lookup required
meadows_1972_limits_to_growth,1980s,https://openalex.org/W115799105,https://doi.org/10.1007/978-1-4899-0451-5_10,1980,book-chapter,en,False,,Social Sciences,,"Culture, Ecology, and Development",no,no OA URL and not attempted — library physical/digital lookup required
meadows_1972_limits_to_growth,1980s,https://openalex.org/W2232957243,https://doi.org/10.1007/978-94-009-3393-4_15,1987,book-chapter,en,False,,Health Professions,,World-View Conflict and Toddler Malnutrition: Change Agent Dilemmas,no,no OA URL and not attempted — library physical/digital lookup required
meadows_1972_limits_to_growth,1980s,https://openalex.org/W105628322,https://doi.org/10.1007/978-94-015-7831-8_6,1989,book-chapter,en,False,,"Economics, Econometrics and Finance",Economy & environment,Externalities: Economics &amp; Thermodynamics,no,no OA URL and not attempted — library physical/digital lookup required
meadows_1972_limits_to_growth,1970s,https://openalex.org/W2478135972,https://doi.org/10.1007/978-1-349-16275-8_17,1979,book-chapter,en,False,,Environmental Science,,The New Issues,no,no OA URL and not attempted — library physical/digital lookup required
meadows_1972_limits_to_growth,1970s,https://openalex.org/W2006061409,https://doi.org/10.1179/030801879789801759,1979,article,en,False,,Decision Sciences,Interdisciplinary Science Reviews,What is a Public Policy Issue? An Advisory Essay,no,no OA URL and not attempted — library physical/digital lookup required
meadows_1972_limits_to_growth,1980s,https://openalex.org/W2137447169,https://doi.org/10.1177/016555158701300503,1987,article,en,False,,"Business, Management and Accounting",Journal of Information Science,Computer simulation and library management,no,no OA URL and not attempted — library physical/digital lookup required
meadows_1972_limits_to_growth,1970s,https://openalex.org/W191327281,,1974,article,en,False,,Environmental Science,New Zealand Engineering,An ecological approach to New Zealand's future,no,no OA URL and not attempted — library physical/digital lookup required
meadows_1972_limits_to_growth,1980s,https://openalex.org/W2002693631,https://doi.org/10.1016/0166-4972(85)90015-x,1985,article,en,False,,Physics and Astronomy,Technovation,"Technological limits to forecasts of doom: Science, technology, and the sustainable economy",no,no OA URL and not attempted — library physical/digital lookup required
meadows_1972_limits_to_growth,1970s,https://openalex.org/W33184613,https://doi.org/10.1016/b978-0-08-024443-3.50041-8,1979,book-chapter,en,False,,Energy,Elsevier eBooks,CONTRIBUTIONS TO THE ASSESSMENT OF WORLD COAL RESOURCES OR COAL IS NOT SO ABUNDANT,no,no OA URL and not attempted — library physical/digital lookup required
meadows_1972_limits_to_growth,1980s,https://openalex.org/W1964363218,https://doi.org/10.1525/ahu.1981.6.2-3.2,1981,article,en,False,,Environmental Science,Anthropology and Humanism Quarterly,Carrying Capacity and the Politics of Overpopulation: Cultural Ecology Revisited,no,no OA URL and not attempted — library physical/digital lookup required
meadows_1972_limits_to_growth,1980s,https://openalex.org/W2012290597,https://doi.org/10.1016/0270-0255(81)90029-4,1981,article,en,False,,Environmental Science,Mathematical Modelling,Mathematical models in the social and life sciences: a selected bibliography,no,no OA URL and not attempted — library physical/digital lookup required
meadows_1972_limits_to_growth,1970s,https://openalex.org/W148023751,https://doi.org/10.1007/978-94-009-9394-5_7,1979,book-chapter,en,False,,Arts and Humanities,,Signals in the Noise,no,no OA URL and not attempted — library physical/digital lookup required
meadows_1972_limits_to_growth,1980s,https://openalex.org/W2021593122,https://doi.org/10.1016/0169-2046(86)90052-6,1986,article,en,False,,Health Professions,Landscape and Urban Planning,Sustaining landscapes: sustaining societies,no,no OA URL and not attempted — library physical/digital lookup required
meadows_1972_limits_to_growth,1970s,https://openalex.org/W2051356490,https://doi.org/10.1016/0160-791x(79)90005-8,1979,article,en,False,,"Economics, Econometrics and Finance",Technology in Society,Political limits in steering technology: Pathologies of the short run,no,no OA URL and not attempted — library physical/digital lookup required
meadows_1972_limits_to_growth,1980s,https://openalex.org/W2043367895,https://doi.org/10.1007/bf00293409,1984,article,en,False,,Social Sciences,Social Indicators Research,Alternative technology and quality of life: An exploratory survey of British Columbia smallholders,no,no OA URL and not attempted — library physical/digital lookup required
meadows_1972_limits_to_growth,1980s,https://openalex.org/W4235352339,https://doi.org/10.1177/105960118100600402,1981,article,en,False,,"Business, Management and Accounting",Group & Organization Studies,Perspectives,no,no OA URL and not attempted — library physical/digital lookup required
meadows_1972_limits_to_growth,1980s,https://openalex.org/W1579988623,https://doi.org/10.1002/9780470720783.ch9,1983,other,en,False,,Agricultural and Biological Sciences,Novartis Foundation symposium,"An Integrated Disease and Pest Management Scheme, EPIPRE, for Wheat",no,no OA URL and not attempted — library physical/digital lookup required
meadows_1972_limits_to_growth,1970s,https://openalex.org/W2172303019,https://doi.org/10.1146/annurev.eg.04.110179.002441,1979,article,en,False,,Energy,Annual Review of Energy,Review of Scenarios of Future U.S. Energy Use,no,no OA URL and not attempted — library physical/digital lookup required
meadows_1972_limits_to_growth,1970s,https://openalex.org/W2058448849,https://doi.org/10.1016/0007-6813(76)90051-3,1976,article,en,False,,"Business, Management and Accounting",Business Horizons,The business environment of 1985,no,no OA URL and not attempted — library physical/digital lookup required
meadows_1972_limits_to_growth,1980s,https://openalex.org/W1579659425,https://doi.org/10.1016/0016-3287(80)90002-6,1980,article,en,False,,Social Sciences,Futures,The international system,no,no OA URL and not attempted — library physical/digital lookup required
meadows_1972_limits_to_growth,1970s,https://openalex.org/W1969404685,https://doi.org/10.1080/00207237308709607,1973,article,en,False,,Energy,International Journal of Environmental Studies,"Gasoline rationing as a solution to resource, environmental and urban problems",no,no OA URL and not attempted — library physical/digital lookup required
meadows_1972_limits_to_growth,1980s,https://openalex.org/W1993072430,https://doi.org/10.1016/0040-1625(87)90027-8,1987,article,en,False,,"Business, Management and Accounting",Technological Forecasting and Social Change,Establishing new research directions,no,no OA URL and not attempted — library physical/digital lookup required
meadows_1972_limits_to_growth,1970s,https://openalex.org/W2006714884,https://doi.org/10.17730/humo.32.2.t16703w436x26w59,1973,article,en,False,,Engineering,Human Organization,Differential Reproduction as a Criterion for Evaluating Development Decisions,no,no OA URL and not attempted — library physical/digital lookup required
meadows_1972_limits_to_growth,1970s,https://openalex.org/W2482239697,https://doi.org/10.1016/b978-0-08-021948-6.50050-9,1977,book-chapter,en,False,,Environmental Science,Elsevier eBooks,A Short Selection of Conceivable Ecodisasters,no,no OA URL and not attempted — library physical/digital lookup required
meadows_1972_limits_to_growth,1970s,https://openalex.org/W2884872526,https://doi.org/10.1177/002205747315500402,1973,article,en,False,,Social Sciences,Journal of Education,Education 2000 A.D.,no,no OA URL and not attempted — library physical/digital lookup required
meadows_1972_limits_to_growth,1980s,https://openalex.org/W305289367,,1984,article,en,False,,Arts and Humanities,,Teaching Evolutionary Theory as General Education.,no,no OA URL and not attempted — library physical/digital lookup required
meadows_1972_limits_to_growth,1980s,https://openalex.org/W1994566590,https://doi.org/10.1016/0140-1750(85)90057-0,1985,article,en,False,,Neuroscience,Journal of Social and Biological Systems,Dynamic models for thought,no,no OA URL and not attempted — library physical/digital lookup required
meadows_1972_limits_to_growth,1970s,https://openalex.org/W2042074049,https://doi.org/10.1017/s0376892900000953,1975,article,en,False,,Environmental Science,Environmental Conservation,Progress or Catastrophe: Whither Our World?,no,no OA URL and not attempted — library physical/digital lookup required
meadows_1972_limits_to_growth,1970s,https://openalex.org/W2055703660,https://doi.org/10.1177/039219217902710705,1979,article,en,False,,Arts and Humanities,Diogenes,Is a Scientific Approach To the Eschatological Problem Possible?,no,no OA URL and not attempted — library physical/digital lookup required
meadows_1972_limits_to_growth,1980s,https://openalex.org/W2157124243,https://doi.org/10.1007/978-3-662-02586-4_24,1989,book-chapter,en,False,,"Economics, Econometrics and Finance",,Structural Change in World Trade: Analyses and Forecasts of the FIND Model,no,no OA URL and not attempted — library physical/digital lookup required
meadows_1972_limits_to_growth,1970s,https://openalex.org/W228172837,https://doi.org/10.1007/978-3-642-45455-4_36,1974,book-chapter,en,False,,Physics and Astronomy,Lecture notes in biomathematics,A Bibliography of Mathematical Biology,no,no OA URL and not attempted — library physical/digital lookup required
meadows_1972_limits_to_growth,1980s,https://openalex.org/W2312098876,,1987,article,en,False,,Social Sciences,,"The Management of Super, Natural",no,no OA URL and not attempted — library physical/digital lookup required
meadows_1972_limits_to_growth,1970s,https://openalex.org/W2476958937,https://doi.org/10.1007/978-1-349-04486-3_8,1979,book-chapter,en,False,,Mathematics,Palgrave Macmillan UK eBooks,Population Forecasting: Social and Educational Policy,no,no OA URL and not attempted — library physical/digital lookup required
meadows_1972_limits_to_growth,1970s,https://openalex.org/W2482575514,https://doi.org/10.1007/978-1-349-04190-9_9,1978,book-chapter,en,False,,Social Sciences,,Development Models: Ideology or Utopia ?,no,no OA URL and not attempted — library physical/digital lookup required
meadows_1972_limits_to_growth,1970s,https://openalex.org/W2529163611,https://doi.org/10.20381/ruor-17485,1976,dissertation,en,True,https://doi.org/10.20381/ruor-17485,Social Sciences,uO Research (University of Ottawa),Clarifying the concept of vocational maturity through the use of a career development program with high school freshmen and seniors,no,"OA URL present, not sampled in this run — extend automated extraction first"
meadows_1972_limits_to_growth,1970s,https://openalex.org/W2805331216,,1973,article,en,False,,Environmental Science,,A Systems Approach to Complex Social Behavior: The Formulation of a Methodology and Its Application to the Peasant Village of Tzintzuntzan,no,no OA URL and not attempted — library physical/digital lookup required
meadows_1972_limits_to_growth,1970s,https://openalex.org/W4229785035,https://doi.org/10.1016/b978-0-08-017867-7.50016-8,1976,book-chapter,en,False,,,Elsevier eBooks,References,no,no OA URL and not attempted — library physical/digital lookup required
meadows_1972_limits_to_growth,1970s,https://openalex.org/W4234852958,https://doi.org/10.1016/b978-0-08-023372-7.50017-3,1979,book-chapter,en,False,,,Elsevier eBooks,References,no,no OA URL and not attempted — library physical/digital lookup required
meadows_1972_limits_to_growth,1970s,https://openalex.org/W4236405636,https://doi.org/10.1016/b978-0-08-021007-0.50010-7,1976,book-chapter,en,False,,Social Sciences,Elsevier eBooks,Moral,no,no OA URL and not attempted — library physical/digital lookup required
meadows_1972_limits_to_growth,1970s,https://openalex.org/W4241765996,https://doi.org/10.1016/b978-0-12-785185-3.50033-7,1974,book-chapter,en,False,,Decision Sciences,Elsevier eBooks,BIBLIOGRAPHY,no,no OA URL and not attempted — library physical/digital lookup required
meadows_1972_limits_to_growth,1970s,https://openalex.org/W914602680,,1973,article,en,False,,Physics and Astronomy,NASA Technical Reports Server (NASA),Feasibility of mining lunar resources for earth use: Circa 2000 AD. Volume 1: Summary,no,no OA URL and not attempted — library physical/digital lookup required
commoner_1971_closing_circle,1970s,https://openalex.org/W2088678796,https://doi.org/10.1080/00958964.1978.10801875,1978,article,en,False,,Environmental Science,The Journal of Environmental Education,The “New Environmental Paradigm”,no,no OA URL and not attempted — library physical/digital lookup required
commoner_1971_closing_circle,1970s,https://openalex.org/W2053216029,https://doi.org/10.2307/1056148,1975,article,en,False,,Energy,Southern Economic Journal,Energy and Economic Myths,no,no OA URL and not attempted — library physical/digital lookup required
commoner_1971_closing_circle,1980s,https://openalex.org/W2054829614,https://doi.org/10.1017/s0020818300018956,1982,article,en,False,,Social Sciences,International Organization,Regime dynamics: the rise and fall of international regimes,no,no OA URL and not attempted — library physical/digital lookup required
commoner_1971_closing_circle,1970s,https://openalex.org/W2259559234,,1977,book,en,False,,Environmental Science,Medical Entomology and Zoology,Steady-state economics,no,no OA URL and not attempted — library physical/digital lookup required
commoner_1971_closing_circle,1980s,https://openalex.org/W2095550075,https://doi.org/10.1017/s0143814x00007510,1983,article,en,False,,Decision Sciences,Journal of Public Policy,Don't Toss Coins in Garbage Cans: A Prologue to Policy Design,no,no OA URL and not attempted — library physical/digital lookup required
commoner_1971_closing_circle,1980s,https://openalex.org/W1998131629,https://doi.org/10.1016/0921-8009(89)90024-4,1989,article,en,False,,Environmental Science,Ecological Economics,Ecological economics: Rationale and problem areas,no,no OA URL and not attempted — library physical/digital lookup required
commoner_1971_closing_circle,1980s,https://openalex.org/W2341035812,https://doi.org/10.1080/00213624.1989.11504866,1989,article,en,False,,Environmental Science,Journal of Economic Issues,The Social Cost Concepts of K. William Kapp and Karl Polanyi,no,no OA URL and not attempted — library physical/digital lookup required
commoner_1971_closing_circle,1970s,https://openalex.org/W2172015223,https://doi.org/10.1016/0010-0277(72)90004-2,1972,article,en,False,,Social Sciences,Cognition,The Ulster depth interrogation techniques and their relation to sensory deprivation research,no,no OA URL and not attempted — library physical/digital lookup required
commoner_1971_closing_circle,1980s,https://openalex.org/W1964162868,https://doi.org/10.1007/978-94-009-7796-9_2,1982,book-chapter,en,False,,Agricultural and Biological Sciences,,A Succession of Paradigms in Ecology: Essentialism to Materialism and Probabilism,no,no OA URL and not attempted — library physical/digital lookup required
commoner_1971_closing_circle,1980s,https://openalex.org/W2008771244,https://doi.org/10.1086/283634,1980,article,en,False,,Social Sciences,The American Naturalist,Structure and Stability in Natural and Randomly Constructed Competitive Communities,no,no OA URL and not attempted — library physical/digital lookup required
commoner_1971_closing_circle,1980s,https://openalex.org/W2079356763,https://doi.org/10.1007/bf00137394,1982,article,en,False,,Social Sciences,Policy Sciences,Policy analysis as a hermeneutic activity,no,no OA URL and not attempted — library physical/digital lookup required
commoner_1971_closing_circle,1980s,https://openalex.org/W1989464294,https://doi.org/10.2307/1961958,1987,article,en,False,,Social Sciences,American Political Science Review,Elite Ideology and Risk Perception in Nuclear Energy Policy,no,no OA URL and not attempted — library physical/digital lookup required
commoner_1971_closing_circle,1980s,https://openalex.org/W2044737640,https://doi.org/10.1073/pnas.80.22.7027,1983,article,en,True,https://www.ncbi.nlm.nih.gov/pmc/articles/390121,Social Sciences,Proceedings of the National Academy of Sciences,Comparative risk analysis of technological hazards (a review).,yes,had OA URL but extraction yielded 0 — likely PDF parsing limitation; library physical/digital lookup recommended
commoner_1971_closing_circle,1970s,https://openalex.org/W2000766462,https://doi.org/10.2307/1239248,1972,article,en,False,,"Business, Management and Accounting",American Journal of Agricultural Economics,In Defense of a Steady‐State Economy,no,no OA URL and not attempted — library physical/digital lookup required
commoner_1971_closing_circle,1970s,https://openalex.org/W2068113345,https://doi.org/10.1007/bf02315384,1977,article,en,False,,Physics and Astronomy,Atlantic Economic Journal,What thermodynamics and biology can teach economists,no,no OA URL and not attempted — library physical/digital lookup required
commoner_1971_closing_circle,1980s,https://openalex.org/W2318482611,https://doi.org/10.2307/2111287,1987,article,en,False,,Social Sciences,American Journal of Political Science,Discursive Designs: Critical Theory and Political Institutions,no,no OA URL and not attempted — library physical/digital lookup required
commoner_1971_closing_circle,1970s,https://openalex.org/W2063526665,https://doi.org/10.1098/rspb.1972.0085,1972,article,en,False,,Arts and Humanities,"Proceedings of the Royal Society of London. Series B, Biological sciences","The Croonian Lecture, 1972 - Functional ethology and the human sciences",no,no OA URL and not attempted — library physical/digital lookup required
commoner_1971_closing_circle,1970s,https://openalex.org/W2022347347,https://doi.org/10.1007/bf01062827,1976,article,en,False,,Medicine,Journal of Pharmacokinetics and Biopharmaceutics,Pharmacokinetic modeling of the dogfish shark (Squalus acanthias): Distribution and urinary and biliary excretion of phenol red and its glucuronide,no,no OA URL and not attempted — library physical/digital lookup required
commoner_1971_closing_circle,1980s,https://openalex.org/W2052582730,https://doi.org/10.1007/bf01867584,1989,article,en,False,,Psychology,Environmental Management,The rise and fall of the nature conservation movement in Japan in relation to some cultural values,no,no OA URL and not attempted — library physical/digital lookup required
commoner_1971_closing_circle,1980s,https://openalex.org/W2488455860,https://doi.org/10.1007/978-1-349-17416-4_10,1983,book-chapter,en,False,,Social Sciences,,Unmasking Technocratic Geography,no,no OA URL and not attempted — library physical/digital lookup required
commoner_1971_closing_circle,1970s,https://openalex.org/W2012322199,https://doi.org/10.1007/bf01531771,1975,article,en,False,,Social Sciences,Human Ecology,The environmental movement and its critics,no,no OA URL and not attempted — library physical/digital lookup required
commoner_1971_closing_circle,1980s,https://openalex.org/W1985793919,https://doi.org/10.1080/00958964.1985.10801948,1984,article,en,False,,Environmental Science,The Journal of Environmental Education,Psychology and Ecology: Beliefs in Technology and the Diffusion of Ecological Responsibility,no,no OA URL and not attempted — library physical/digital lookup required
commoner_1971_closing_circle,1980s,https://openalex.org/W26932366,https://doi.org/10.1016/0016-3287(88)90005-5,1988,article,en,False,,Environmental Science,Futures,Sustainable development and the market,no,no OA URL and not attempted — library physical/digital lookup required
commoner_1971_closing_circle,1970s,https://openalex.org/W1967492143,https://doi.org/10.2307/4446528,1979,article,en,False,,Agricultural and Biological Sciences,The American Biology Teacher,Science Education for an Ecological Society,no,no OA URL and not attempted — library physical/digital lookup required
commoner_1971_closing_circle,1980s,https://openalex.org/W2061070774,https://doi.org/10.2466/pr0.1987.60.2.583,1987,article,en,False,,Psychology,Psychological Reports,Development of a Depression Locus of Control Scale,no,no OA URL and not attempted — library physical/digital lookup required
commoner_1971_closing_circle,1970s,https://openalex.org/W2003689371,https://doi.org/10.1016/0095-0696(77)90028-6,1977,article,en,False,,"Economics, Econometrics and Finance",Journal of Environmental Economics and Management,Pollution control is a two-sector dynamic general equilibrium model,no,no OA URL and not attempted — library physical/digital lookup required
commoner_1971_closing_circle,1970s,https://openalex.org/W1586131219,https://doi.org/10.1007/978-94-010-3290-2_9,1970,book-chapter,en,False,,Environmental Science,,"Threats to the Integrity of the Nitrogen Cycle: Nitrogen Compounds in Soil, Water, Atmosphere and Precipitation",no,no OA URL and not attempted — library physical/digital lookup required
commoner_1971_closing_circle,1980s,https://openalex.org/W1992842718,https://doi.org/10.1007/bf00404266,1987,article,en,False,,Environmental Science,Environmental Monitoring and Assessment,The precision and accuracy of U.S. environmental impact statements,no,no OA URL and not attempted — library physical/digital lookup required
commoner_1971_closing_circle,1980s,https://openalex.org/W1970761686,https://doi.org/10.1002/sce.3730680407,1984,article,en,False,,Social Sciences,Science Education,Scientific and technological education in an information society,no,no OA URL and not attempted — library physical/digital lookup required
commoner_1971_closing_circle,1980s,https://openalex.org/W2000845067,https://doi.org/10.1177/106591298904200303,1989,article,en,False,,Environmental Science,The Western Political Quarterly,"""Deep Ecology"" and the Revival of Natural Right",no,no OA URL and not attempted — library physical/digital lookup required
commoner_1971_closing_circle,1980s,https://openalex.org/W1971717784,https://doi.org/10.2307/800388,1984,article,en,False,,Energy,Social Problems,Solar versus Nuclear Energy: Autonomous or Dependent Technology?,no,no OA URL and not attempted — library physical/digital lookup required
commoner_1971_closing_circle,1980s,https://openalex.org/W1536685865,,1984,book,en,True,https://repository.upenn.edu/anthro_papers/90,Social Sciences,ScholarlyCommons (University of Pennsylvania),Ecology in development : a rationale for three-dimensional policy,yes,had OA URL but extraction yielded 0 — likely PDF parsing limitation; library physical/digital lookup recommended
commoner_1971_closing_circle,1970s,https://openalex.org/W2119487903,https://doi.org/10.1017/s0020818300026631,1978,article,en,False,,Social Sciences,International Organization,The World Order Models Project and its Critics: A Reply,no,no OA URL and not attempted — library physical/digital lookup required
commoner_1971_closing_circle,1980s,https://openalex.org/W1967117132,https://doi.org/10.1177/027614678900900104,1989,article,en,False,,"Business, Management and Accounting",Journal of Macromarketing,The Macromarketing Effects of Beverage Container Legislation,no,no OA URL and not attempted — library physical/digital lookup required
commoner_1971_closing_circle,1970s,https://openalex.org/W2413564287,https://doi.org/10.1080/00207284.1973.11492234,1973,article,en,False,,Psychology,International Journal of Group Psychotherapy,"General Systems Theory, Psychiatry and Psychotherapy",no,no OA URL and not attempted — library physical/digital lookup required
commoner_1971_closing_circle,1970s,https://openalex.org/W128572427,,1977,article,en,False,,Agricultural and Biological Sciences,,Food Distribution and Consumption in Knoxville: Exploring Food-Related Local Planning Issues,no,no OA URL and not attempted — library physical/digital lookup required
commoner_1971_closing_circle,1970s,https://openalex.org/W2294298600,https://doi.org/10.1145/1147347.1147316,1970,article,en,False,,Computer Science,Annual Conference on Computers,Food distribution,no,no OA URL and not attempted — library physical/digital lookup required
commoner_1971_closing_circle,1980s,https://openalex.org/W2735787863,https://doi.org/10.2307/4448974,1989,article,en,False,,Psychology,The American Biology Teacher,Read! Think! Write! The Reading Response Journal in the Biology Classroom,no,no OA URL and not attempted — library physical/digital lookup required
commoner_1971_closing_circle,1980s,https://openalex.org/W1980472275,https://doi.org/10.1016/0277-9536(84)90194-1,1984,article,en,False,,"Economics, Econometrics and Finance",Social Science & Medicine,Assessment and implementation of health care priorities in developing countries; Incompatible paradigms and competing social systems,no,no OA URL and not attempted — library physical/digital lookup required
commoner_1971_closing_circle,1970s,https://openalex.org/W2054350523,https://doi.org/10.2753/rsp1061-196712023,1973,article,en,False,,Earth and Planetary Sciences,Soviet Studies in Philosophy,"Man And His Natural Environment (For the Fifteenth World Congress of Philosophy: Man, Science, and Technology)",no,no OA URL and not attempted — library physical/digital lookup required
commoner_1971_closing_circle,1970s,https://openalex.org/W2265366367,https://doi.org/10.1007/bf03355776,1972,article,en,False,,Environmental Science,JOM,Engineers and the environment,no,no OA URL and not attempted — library physical/digital lookup required
commoner_1971_closing_circle,1980s,https://openalex.org/W2066048369,https://doi.org/10.2307/2808096,1988,article,en,False,,Environmental Science,Population and Development Review,Human Population from an Ecological Perspective,no,no OA URL and not attempted — library physical/digital lookup required
commoner_1971_closing_circle,1970s,https://openalex.org/W1983633503,https://doi.org/10.1086/642931,1973,article,en,False,,"Economics, Econometrics and Finance",Social Service Review,Welfare and the Steady State: An Essay Review,no,no OA URL and not attempted — library physical/digital lookup required
commoner_1971_closing_circle,1970s,https://openalex.org/W2020794028,https://doi.org/10.1007/bf02221032,1976,article,en,False,,Environmental Science,Archives of Environmental Contamination and Toxicology,"Effects of DDT inFundulus: Studies on toxicity, fate, and reproduction",no,no OA URL and not attempted — library physical/digital lookup required
commoner_1971_closing_circle,1970s,https://openalex.org/W2321004173,https://doi.org/10.2307/2094494,1978,article,en,False,,Arts and Humanities,American Sociological Review,Behaviorism on Verstehen and Erklaren,no,no OA URL and not attempted — library physical/digital lookup required
commoner_1971_closing_circle,1970s,https://openalex.org/W1858718918,https://doi.org/10.1177/009539977500700304,1975,article,en,False,,"Business, Management and Accounting",Administration & Society,The Creation of Federal Agencies,no,no OA URL and not attempted — library physical/digital lookup required
commoner_1971_closing_circle,1970s,https://openalex.org/W2110562597,https://doi.org/10.1016/0305-750x(78)90053-0,1978,article,en,False,,Environmental Science,World Development,"Growth, technology and the environment in less developed countries: A survey",no,no OA URL and not attempted — library physical/digital lookup required
commoner_1971_closing_circle,1980s,https://openalex.org/W2028576201,https://doi.org/10.1080/08941928909380683,1989,article,en,False,,Environmental Science,Society & Natural Resources,"Pro‐growth, limits to growth, and a sustainable development synthesis",no,no OA URL and not attempted — library physical/digital lookup required
commoner_1971_closing_circle,1970s,https://openalex.org/W2036391079,https://doi.org/10.1080/00958964.1975.9941995,1975,article,en,False,,Environmental Science,The Journal of Environmental Education,Good Education is Environmental,no,no OA URL and not attempted — library physical/digital lookup required
commoner_1971_closing_circle,1970s,https://openalex.org/W1985253984,https://doi.org/10.1038/245127a0,1973,article,en,False,,"Economics, Econometrics and Finance",Nature,Hope for the Technological Solution,no,no OA URL and not attempted — library physical/digital lookup required
commoner_1971_closing_circle,1970s,https://openalex.org/W2005620650,https://doi.org/10.2307/3549208,1976,article,en,False,,Environmental Science,Canadian Public Policy,Economists and the Growth Controversy,no,no OA URL and not attempted — library physical/digital lookup required
commoner_1971_closing_circle,1980s,https://openalex.org/W2256353497,https://doi.org/10.1007/978-94-010-9940-0_14,1982,book-chapter,en,False,,Physics and Astronomy,,Philosophy of technology,no,no OA URL and not attempted — library physical/digital lookup required
commoner_1971_closing_circle,1970s,https://openalex.org/W2000385341,https://doi.org/10.2307/975411,1978,article,en,False,,"Business, Management and Accounting",Public Administration Review,Technology Assessment in a Dialectic Key,no,no OA URL and not attempted — library physical/digital lookup required
commoner_1971_closing_circle,1970s,https://openalex.org/W2051866434,https://doi.org/10.1007/bf00207326,1979,article,en,False,,Social Sciences,Theory and Society,Beyond the politics of survival,no,no OA URL and not attempted — library physical/digital lookup required
commoner_1971_closing_circle,1980s,https://openalex.org/W2148985048,https://doi.org/10.1108/eb013942,1983,article,en,False,,"Economics, Econometrics and Finance",International Journal of Social Economics,Toward an Ecological Economics,no,no OA URL and not attempted — library physical/digital lookup required
commoner_1971_closing_circle,1970s,https://openalex.org/W2098162614,https://doi.org/10.1016/0038-0121(73)90044-x,1973,review,en,False,,"Economics, Econometrics and Finance",Socio-Economic Planning Sciences,A review of models of technological change with reference to the role of environmental resources,no,no OA URL and not attempted — library physical/digital lookup required
commoner_1971_closing_circle,1980s,https://openalex.org/W294751213,,1981,article,en,False,,Social Sciences,the Journal of Thought,Thinking and Education: A Futures Approach.,no,no OA URL and not attempted — library physical/digital lookup required
commoner_1971_closing_circle,1970s,https://openalex.org/W191924770,https://doi.org/10.1007/978-94-009-9421-8_7,1979,book-chapter,en,False,,Decision Sciences,Sociology of the sciences/Sociology of the sciences yearbook,Counter-Movements and the Sciences: Theses Supporting Counter-Movements to the ‘Scientisation of the World’,no,no OA URL and not attempted — library physical/digital lookup required
commoner_1971_closing_circle,1970s,https://openalex.org/W1995602312,https://doi.org/10.1016/0040-1625(73)90020-6,1973,article,en,False,,Environmental Science,Technological Forecasting and Social Change,An environmental assessment of future production-related technological change: 1970–2000 (An input-output approach),no,no OA URL and not attempted — library physical/digital lookup required
commoner_1971_closing_circle,1970s,https://openalex.org/W1566304154,https://doi.org/10.4271/730522,1973,article,en,False,,Energy,SAE technical papers on CD-ROM/SAE technical paper series,Criteria for Evaluating Vehicle In-Use Inspection/Maintenance Impact on Emissions and Energy Conservation,no,no OA URL and not attempted — library physical/digital lookup required
commoner_1971_closing_circle,1970s,https://openalex.org/W2003964505,https://doi.org/10.1007/bf02221055,1977,article,en,False,,Social Sciences,Prospects,"Limits to growth, a challenge to higher education",no,no OA URL and not attempted — library physical/digital lookup required
commoner_1971_closing_circle,1980s,https://openalex.org/W2030100767,https://doi.org/10.1016/0160-791x(80)90004-4,1980,article,en,False,,Social Sciences,Technology in Society,"Growth, risk and technological choice",no,no OA URL and not attempted — library physical/digital lookup required
commoner_1971_closing_circle,1980s,https://openalex.org/W2486033971,https://doi.org/10.1007/978-1-349-17847-6_9,1985,book-chapter,en,False,,Social Sciences,Palgrave Macmillan UK eBooks,Marxism and the Environment: A View From the Periphery,no,no OA URL and not attempted — library physical/digital lookup required
commoner_1971_closing_circle,1980s,https://openalex.org/W2497505680,https://doi.org/10.1007/978-1-4612-5459-1_10,1983,book-chapter,en,False,,Computer Science,,"Efficiency of Energy Use in Obtaining Food, I: Humans",no,no OA URL and not attempted — library physical/digital lookup required
commoner_1971_closing_circle,1980s,https://openalex.org/W1964648858,https://doi.org/10.1037//0033-2909.87.2.309,1980,article,en,False,,Psychology,Psychological Bulletin,Victims of violent death: A critical review.,no,no OA URL and not attempted — library physical/digital lookup required
commoner_1971_closing_circle,1980s,https://openalex.org/W2476514099,https://doi.org/10.1007/978-1-349-09087-7_2,1988,book-chapter,en,False,,Environmental Science,Palgrave Macmillan UK eBooks,"Theories of Nature, Society and Technology",no,no OA URL and not attempted — library physical/digital lookup required
commoner_1971_closing_circle,1980s,https://openalex.org/W2083265891,https://doi.org/10.1037/0003-066x.36.3.290,1981,article,en,False,,Psychology,American Psychologist,Manifest and latent functions of psychological services.,no,no OA URL and not attempted — library physical/digital lookup required
commoner_1971_closing_circle,1970s,https://openalex.org/W2234931731,https://doi.org/10.1080/00323267908401691,1979,article,en,False,,Social Sciences,Politics,Ecological limits and Marxian thought,no,no OA URL and not attempted — library physical/digital lookup required
commoner_1971_closing_circle,1980s,https://openalex.org/W1601350231,,1983,article,en,True,https://digitalcommons.usf.edu/context/fmhi_pub/article/1061/viewcontent/COMPLIANT_fmhi_pub__62.pdf,Medicine,Digital Commons - University of South Florida (University of South Florida),The human environment: Penultimate problems of survival,no,"OA URL present, not sampled in this run — extend automated extraction first"
commoner_1971_closing_circle,1980s,https://openalex.org/W1968611396,https://doi.org/10.1080/02604027.1983.9971965,1983,article,en,False,,"Economics, Econometrics and Finance",World Futures,"Present choices, future consequences: A case for thinking strategically",no,no OA URL and not attempted — library physical/digital lookup required
commoner_1971_closing_circle,1980s,https://openalex.org/W1989326181,https://doi.org/10.1080/00207238608710274,1986,article,en,False,,Environmental Science,International Journal of Environmental Studies,Ecological stress phenomena and holistic environmental ethics—a viewpoint,no,no OA URL and not attempted — library physical/digital lookup required
commoner_1971_closing_circle,1980s,https://openalex.org/W2037759348,https://doi.org/10.1080/00958964.1981.9942640,1981,article,en,False,,Environmental Science,The Journal of Environmental Education,The Effect of Personal Growth and Development Activities on Student Attitudes toward Social Issues,no,no OA URL and not attempted — library physical/digital lookup required
commoner_1971_closing_circle,1980s,https://openalex.org/W2061936425,https://doi.org/10.1163/156852182x00336,1982,article,en,False,,"Business, Management and Accounting",African and Asian Studies,"Innovation Bias, Appropriate Technology, and Basic Goods",no,no OA URL and not attempted — library physical/digital lookup required
commoner_1971_closing_circle,1970s,https://openalex.org/W2141346579,https://doi.org/10.1080/03670244.1977.9990480,1977,article,en,False,,Social Sciences,Ecology of Food and Nutrition,Commentary—Marasmus in a Newly Rich Urbanized Society,no,no OA URL and not attempted — library physical/digital lookup required
commoner_1971_closing_circle,1980s,https://openalex.org/W133187374,https://doi.org/10.1007/978-3-642-46899-5_2,1988,book-chapter,de,False,,Social Sciences,Wirtschaftswissenschaftliche Beiträge,"Innovationsspezifika, Wirtschaftssystem und die Innovationsleistung von Wirtschaftssystemen",no,no OA URL and not attempted — library physical/digital lookup required
commoner_1971_closing_circle,1970s,https://openalex.org/W264071112,,1973,article,en,False,,Environmental Science,NASA STI Repository (National Aeronautics and Space Administration),A Delphi Forecast of Technology in Education.,no,no OA URL and not attempted — library physical/digital lookup required
commoner_1971_closing_circle,1980s,https://openalex.org/W1548684850,https://doi.org/10.1007/978-3-642-75280-3_43,1989,book-chapter,en,False,,Earth and Planetary Sciences,,Epilogue to the 2nd Brown Tide Conference are Aureococcus and Other Nuisance Algal Blooms Selectively Enriched by the Runoff of Turf Chemicals?,no,no OA URL and not attempted — library physical/digital lookup required
commoner_1971_closing_circle,1980s,https://openalex.org/W2071727753,https://doi.org/10.1177/089124168000900204,1980,article,en,False,,Social Sciences,Urban Life,Critical Dimensions in Human Ecology,no,no OA URL and not attempted — library physical/digital lookup required
commoner_1971_closing_circle,1970s,https://openalex.org/W2147710874,https://doi.org/10.1017/s0376892900026138,1977,article,en,False,,Social Sciences,Environmental Conservation,Attitudes and Orientations of Environmentally-concerned Citizens,no,no OA URL and not attempted — library physical/digital lookup required
commoner_1971_closing_circle,1970s,https://openalex.org/W2323788218,https://doi.org/10.2307/3510157,1979,article,en,False,,Social Sciences,Review of Religious Research,The Sustainable Society: Religious and Social Implications,no,no OA URL and not attempted — library physical/digital lookup required
commoner_1971_closing_circle,1970s,https://openalex.org/W2336663282,,1979,article,en,False,,Health Professions,,THE IMPACT OF SOCIOECONOMIC DEVELOPMENT AND ECOLOGICAL CHANGE ON HEALTH AND NUTRITION IN LATIN AMERICA,no,no OA URL and not attempted — library physical/digital lookup required
commoner_1971_closing_circle,1980s,https://openalex.org/W43914065,https://doi.org/10.1007/978-94-009-5502-8_2,1985,book-chapter,en,False,,"Economics, Econometrics and Finance",Tasks for vegetation science,"Economics, evaluation and environment",no,no OA URL and not attempted — library physical/digital lookup required
commoner_1971_closing_circle,1970s,https://openalex.org/W45477993,https://doi.org/10.1007/978-1-4684-2277-1_14,1977,book-chapter,en,False,,Environmental Science,,Some Problems of Strategy in Environmental Psychology,no,no OA URL and not attempted — library physical/digital lookup required
commoner_1971_closing_circle,1970s,https://openalex.org/W1967488832,https://doi.org/10.1007/bf03257197,1978,article,en,False,,Engineering,Metallurgical Transactions B,Toward a Materials-Conservation Ethic,no,no OA URL and not attempted — library physical/digital lookup required
commoner_1971_closing_circle,1970s,https://openalex.org/W1975479959,https://doi.org/10.1016/0191-491x(76)90013-4,1976,article,en,False,,Social Sciences,Studies In Educational Evaluation,Quality and quantity in the analysis of integrated science curricula,no,no OA URL and not attempted — library physical/digital lookup required
commoner_1971_closing_circle,1970s,https://openalex.org/W2034174842,https://doi.org/10.1016/0147-6513(79)90013-7,1979,article,en,False,,Environmental Science,Ecotoxicology and Environmental Safety,Agroecosystem-chemical interactions and trends,no,no OA URL and not attempted — library physical/digital lookup required
commoner_1971_closing_circle,1980s,https://openalex.org/W2151600181,https://doi.org/10.1007/bf02653938,1983,article,en,False,,Decision Sciences,Metallurgical Transactions B,Atlas never shrugged,no,no OA URL and not attempted — library physical/digital lookup required
commoner_1971_closing_circle,1970s,https://openalex.org/W1607232192,,1972,article,en,True,https://lawdigitalcommons.bc.edu/ealr/vol2/iss1/1,Environmental Science,Boston College environmental affairs law review,Pollution: International Complications,no,"OA URL present, not sampled in this run — extend automated extraction first"
commoner_1971_closing_circle,1970s,https://openalex.org/W2017203044,https://doi.org/10.1080/0002889778507836,1978,article,en,False,,Social Sciences,American Industrial Hygiene Association Journal,Radiation protection philosophy: bioethical problems and priorities,no,no OA URL and not attempted — library physical/digital lookup required
commoner_1971_closing_circle,1970s,https://openalex.org/W2039363867,https://doi.org/10.1016/0016-3287(73)90059-1,1973,article,en,False,,"Economics, Econometrics and Finance",Futures,7. The pollution sub-system,no,no OA URL and not attempted — library physical/digital lookup required
commoner_1971_closing_circle,1970s,https://openalex.org/W2059323565,https://doi.org/10.1037/h0035721,1973,article,en,False,,Health Professions,American Psychologist,Psychologists and population research: A need for discipline planning?,no,no OA URL and not attempted — library physical/digital lookup required
commoner_1971_closing_circle,1980s,https://openalex.org/W2091204198,https://doi.org/10.1145/958564.958567,1982,article,en,True,https://dl.acm.org/doi/pdf/10.1145/958564.958567,Computer Science,ACM SIGCAS Computers and Society,Societies' adaptation to computing,no,"OA URL present, not sampled in this run — extend automated extraction first"
commoner_1971_closing_circle,1980s,https://openalex.org/W2096602756,,1988,article,en,False,,"Economics, Econometrics and Finance",,Nonpoint Pollution: Tractable Solutions to Intractable Problems *,no,no OA URL and not attempted — library physical/digital lookup required
commoner_1971_closing_circle,1970s,https://openalex.org/W2321588054,https://doi.org/10.2307/3984363,1977,article,en,False,,Environmental Science,Environmental Review,Toward an Environmental Philosophy: In Search of a Methodology,no,no OA URL and not attempted — library physical/digital lookup required
commoner_1971_closing_circle,1970s,https://openalex.org/W2334908197,https://doi.org/10.5840/process1978817,1978,article,en,False,,Psychology,Process Studies,Happiness and the Public World,no,no OA URL and not attempted — library physical/digital lookup required
commoner_1971_closing_circle,1970s,https://openalex.org/W1003456732,https://doi.org/10.23860/thesis-levye-marc-1978,1978,dissertation,en,True,https://digitalcommons.uri.edu/cgi/viewcontent.cgi?article=1614&context=theses,Social Sciences,,A Residential Growth Control Plan for North Kingstown (1978-1993),no,"OA URL present, not sampled in this run — extend automated extraction first"
commoner_1971_closing_circle,1970s,https://openalex.org/W13185933,https://doi.org/10.1007/978-94-010-2056-5_17,1974,book-chapter,en,False,,Environmental Science,,The Ecology of Openness,no,no OA URL and not attempted — library physical/digital lookup required
commoner_1971_closing_circle,1970s,https://openalex.org/W1602203156,https://doi.org/10.1016/0016-3287(75)90046-4,1975,article,en,False,,"Economics, Econometrics and Finance",Futures,Industrial behaviour patterns,no,no OA URL and not attempted — library physical/digital lookup required
commoner_1971_closing_circle,1980s,https://openalex.org/W2003917127,https://doi.org/10.1007/bf00156585,1987,article,en,False,,"Economics, Econometrics and Finance",Policy Sciences,Public policy for dangerous inventions,no,no OA URL and not attempted — library physical/digital lookup required
commoner_1971_closing_circle,1970s,https://openalex.org/W2060588864,https://doi.org/10.1080/00201747508601757,1975,article,en,False,,"Economics, Econometrics and Finance",Inquiry,"On the human question, being the report of the Erewhonian high commission to evaluate technological society",no,no OA URL and not attempted — library physical/digital lookup required
commoner_1971_closing_circle,1970s,https://openalex.org/W2063016056,https://doi.org/10.1177/019263657806241901,1978,article,en,False,,Environmental Science,NASSP Bulletin,Back to Basics: The ABCs of Energy,no,no OA URL and not attempted — library physical/digital lookup required
commoner_1971_closing_circle,1980s,https://openalex.org/W2075152454,https://doi.org/10.1177/027046768100100109,1981,article,en,False,,Engineering,Bulletin of Science Technology & Society,High Technology - Its Human Problems and Benefits,no,no OA URL and not attempted — library physical/digital lookup required
commoner_1971_closing_circle,1980s,https://openalex.org/W2148692720,https://doi.org/10.1177/027046768900900104,1989,article,en,False,,Social Sciences,Bulletin of Science Technology & Society,Values Changes Necessary for a Sustainable Society,no,no OA URL and not attempted — library physical/digital lookup required
commoner_1971_closing_circle,1970s,https://openalex.org/W2287258342,https://doi.org/10.1007/978-1-4684-2520-8_24,1978,book-chapter,en,False,,Social Sciences,,Environment and Public Policy in the United States: A Diffusion Analysis,no,no OA URL and not attempted — library physical/digital lookup required
commoner_1971_closing_circle,1970s,https://openalex.org/W2334050762,https://doi.org/10.2307/2009912,1979,article,en,False,,Environmental Science,World Politics,National Priorities and the Physical Habitat: Focus of Continuing Controversy,no,no OA URL and not attempted — library physical/digital lookup required
commoner_1971_closing_circle,1970s,https://openalex.org/W2415324791,https://doi.org/10.2307/583118,1974,article,en,False,,Social Sciences,The Family Coordinator,"Abortion, Personal Freedom, and Public Policy",no,no OA URL and not attempted — library physical/digital lookup required
commoner_1971_closing_circle,1980s,https://openalex.org/W1013715289,https://doi.org/10.1007/978-1-4684-4589-3_3,1985,book-chapter,en,False,,Chemistry,,Energy Demand-Energy Supplies,no,no OA URL and not attempted — library physical/digital lookup required
commoner_1971_closing_circle,1970s,https://openalex.org/W1125125281,https://doi.org/10.1007/978-1-4899-0330-3_64,1973,book-chapter,en,False,,Social Sciences,Pollution,Environment’s Most Dangerous Pest: Man,no,no OA URL and not attempted — library physical/digital lookup required
commoner_1971_closing_circle,1970s,https://openalex.org/W118430176,https://doi.org/10.1007/978-1-4615-8597-8_7,1977,book-chapter,en,False,,Arts and Humanities,,An Environmental Perspective on Utopia,no,no OA URL and not attempted — library physical/digital lookup required
commoner_1971_closing_circle,1970s,https://openalex.org/W119634540,https://doi.org/10.1007/978-1-4615-8597-8_8,1977,book-chapter,en,False,,Social Sciences,,A Utopian Perspective on the Environment,no,no OA URL and not attempted — library physical/digital lookup required
commoner_1971_closing_circle,1970s,https://openalex.org/W1583640242,https://doi.org/10.1016/0019-8501(73)90006-0,1973,article,en,False,,Social Sciences,Industrial Marketing Management,Technological change = Social change?,no,no OA URL and not attempted — library physical/digital lookup required
commoner_1971_closing_circle,1980s,https://openalex.org/W1972753729,https://doi.org/10.1016/0195-9255(86)90026-0,1986,article,en,False,,Social Sciences,Environmental Impact Assessment Review,Assessing the assessors: Toward “risk aware” courts,no,no OA URL and not attempted — library physical/digital lookup required
commoner_1971_closing_circle,1970s,https://openalex.org/W202976845,,1974,article,en,True,https://digitalcommons.usu.edu/cgi/viewcontent.cgi?article=1416&context=water_rep,Environmental Science,Digital Commons - USU (Utah State University),Component Description of Sediment-Water Microcosms,no,"OA URL present, not sampled in this run — extend automated extraction first"
commoner_1971_closing_circle,1980s,https://openalex.org/W2042260303,https://doi.org/10.1108/eb013908,1981,article,en,False,,Earth and Planetary Sciences,International Journal of Social Economics,A Yearning for Synthesis: Organic Thought since 1945,no,no OA URL and not attempted — library physical/digital lookup required
commoner_1971_closing_circle,1970s,https://openalex.org/W2059981314,https://doi.org/10.1007/bf01866995,1977,article,en,False,,Arts and Humanities,Environmental Management,The boon of environmental sensitivity,no,no OA URL and not attempted — library physical/digital lookup required
commoner_1971_closing_circle,1980s,https://openalex.org/W2067106487,https://doi.org/10.1016/0160-4120(84)90056-4,1984,article,en,False,,Decision Sciences,Environment International,"Risks, risk taking, and societal decisions",no,no OA URL and not attempted — library physical/digital lookup required
commoner_1971_closing_circle,1980s,https://openalex.org/W2077060492,https://doi.org/10.17730/humo.39.4.7533214g66633413,1980,article,en,False,,Decision Sciences,Human Organization,Response Characteristics of the U.S. Scientific and Engineering Labor Force,no,no OA URL and not attempted — library physical/digital lookup required
commoner_1971_closing_circle,1980s,https://openalex.org/W2090996589,https://doi.org/10.1007/bf02255448,1987,article,en,False,,Social Sciences,Aquatic Ecology,The scope of mission-orientation in Dutch fresh-water ecology,no,no OA URL and not attempted — library physical/digital lookup required
commoner_1971_closing_circle,1970s,https://openalex.org/W2099273838,https://doi.org/10.1016/0038-0121(72)90038-9,1972,review,en,False,,Environmental Science,Socio-Economic Planning Sciences,The closing circle: A review article,no,no OA URL and not attempted — library physical/digital lookup required
commoner_1971_closing_circle,1980s,https://openalex.org/W2114946758,https://doi.org/10.1007/978-3-642-81453-2_4,1980,book-chapter,en,False,,"Economics, Econometrics and Finance",,Key Issues for Technology Planning and Assessment,no,no OA URL and not attempted — library physical/digital lookup required
commoner_1971_closing_circle,1970s,https://openalex.org/W2115157860,https://doi.org/10.1177/000765037401500104,1974,article,en,False,,"Economics, Econometrics and Finance",Business & Society,The Future of Industry's Growthmanship,no,no OA URL and not attempted — library physical/digital lookup required
commoner_1971_closing_circle,1980s,https://openalex.org/W21214076,https://doi.org/10.1007/978-3-322-89401-4_6,1985,book-chapter,de,False,,Social Sciences,VS Verlag für Sozialwissenschaften eBooks,Überdeterminierte Technologie: Die Delegitimierung einer amerikanischen Ideologie,no,no OA URL and not attempted — library physical/digital lookup required
commoner_1971_closing_circle,1970s,https://openalex.org/W2139291092,https://doi.org/10.1007/978-1-4684-2232-0_1,1976,book-chapter,en,False,,Physics and Astronomy,,The Global Ecosystem and Human Activity,no,no OA URL and not attempted — library physical/digital lookup required
commoner_1971_closing_circle,1970s,https://openalex.org/W2168692716,https://doi.org/10.1080/10464883.1974.11102553,1974,article,en,False,,Engineering,Journal of Architectural Education,Interacting Systems and Design,no,no OA URL and not attempted — library physical/digital lookup required
commoner_1971_closing_circle,1970s,https://openalex.org/W2187024148,,1978,article,en,False,,Arts and Humanities,,LIFESTYLE IMPACTS OF RESIDENCE IN THE,no,no OA URL and not attempted — library physical/digital lookup required
commoner_1971_closing_circle,1970s,https://openalex.org/W2187317282,,1974,article,en,False,,Environmental Science,,Development; Conflict .resolution; *Energy Conservation; *Environmental Education; Models; Moral Development; *Moral Issues; Moral Values; *Problem Solving; Questioning Techniques; Teaching Techniques,no,no OA URL and not attempted — library physical/digital lookup required
commoner_1971_closing_circle,1970s,https://openalex.org/W2262153399,https://doi.org/10.2307/1238846,1975,article,en,False,,Environmental Science,American Journal of Agricultural Economics,The Substitution of Technology for Nature: The Case of Recreation,no,no OA URL and not attempted — library physical/digital lookup required
commoner_1971_closing_circle,1970s,https://openalex.org/W2280796167,,1979,article,en,True,http://hdl.handle.net/2346/20015,Environmental Science,ThinkTech (Texas Tech University),Environmental impact analysis: assessing the socioeconomic implications of a proposed action,yes,had OA URL but extraction yielded 0 — likely PDF parsing limitation; library physical/digital lookup recommended
commoner_1971_closing_circle,1970s,https://openalex.org/W2326254074,https://doi.org/10.5840/swjphil197910238,1979,article,en,False,,Social Sciences,Southwestern Journal of Philosophy,Optimum Population,no,no OA URL and not attempted — library physical/digital lookup required
commoner_1971_closing_circle,1970s,https://openalex.org/W2336083603,,1979,article,es,False,,Environmental Science,Americanae (AECID Library),Evolución del pensamiento ecológico,no,no OA URL and not attempted — library physical/digital lookup required
commoner_1971_closing_circle,1970s,https://openalex.org/W23874690,https://doi.org/10.1371/journal.pone.0068618,1976,article,en,True,http://www.tci-thaijo.org/index.php/easr/article/view/8395/0,Environmental Science,Engineering and Applied Science Research,Environmental Pollution and Our Future,yes,had OA URL but extraction yielded 0 — likely PDF parsing limitation; library physical/digital lookup recommended
commoner_1971_closing_circle,1980s,https://openalex.org/W2461657384,,1988,article,en,True,https://scholarworks.umt.edu/cgi/viewcontent.cgi?article=8940&context=etd,Social Sciences,The Mathematics Enthusiast,Use of Native American oral tradition in environmental education,no,"OA URL present, not sampled in this run — extend automated extraction first"
commoner_1971_closing_circle,1980s,https://openalex.org/W2498104974,https://doi.org/10.1007/978-1-349-17227-6_9,1983,book-chapter,en,False,,Social Sciences,,The Industrialisation of Food Production Processes: A Neglected Revolution,no,no OA URL and not attempted — library physical/digital lookup required
commoner_1971_closing_circle,1970s,https://openalex.org/W2760417875,https://doi.org/10.31390/gradschool_disstheses.2264,1972,dissertation,en,True,https://repository.lsu.edu/cgi/viewcontent.cgi?article=3263&context=gradschool_disstheses,Earth and Planetary Sciences,,Determination of Selected Atmospheric Pollutants by Atomic Fluorescence and X-Ray Photoelectron Spectroscopy.,no,"OA URL present, not sampled in this run — extend automated extraction first"
commoner_1971_closing_circle,1970s,https://openalex.org/W2763222229,https://doi.org/10.1353/wal.1978.0027,1978,article,en,False,,Environmental Science,Western American literature,Jack Schaefer: The Writer as Ecologist,no,no OA URL and not attempted — library physical/digital lookup required
commoner_1971_closing_circle,1980s,https://openalex.org/W3013056542,https://doi.org/10.1007/bf02663293,1983,article,en,False,,"Biochemistry, Genetics and Molecular Biology",Metallurgical Transactions A,Atlas never shrugged,no,no OA URL and not attempted — library physical/digital lookup required
commoner_1971_closing_circle,1970s,https://openalex.org/W35129,,1972,article,en,True,,Health Professions,PubMed,Environmental quality and the community health educator.,no,no OA URL and not attempted — library physical/digital lookup required
commoner_1971_closing_circle,1970s,https://openalex.org/W406329416,https://doi.org/10.1007/978-1-4613-2886-5_10,1978,book-chapter,en,False,,"Economics, Econometrics and Finance",,The Formulation of Health Policy,no,no OA URL and not attempted — library physical/digital lookup required
commoner_1971_closing_circle,1980s,https://openalex.org/W425776617,https://doi.org/10.1007/978-94-010-9563-1_6,1980,book-chapter,en,False,,Energy,,Nuclear Economics and the Problem of Externalities,no,no OA URL and not attempted — library physical/digital lookup required
commoner_1971_closing_circle,1980s,https://openalex.org/W427299740,https://doi.org/10.1007/978-94-010-9563-1_5,1980,book-chapter,en,False,,Social Sciences,,Core Melt Catastrophe and Due Process,no,no OA URL and not attempted — library physical/digital lookup required
commoner_1971_closing_circle,1980s,https://openalex.org/W74440805,https://doi.org/10.1016/b978-0-08-027198-9.50091-0,1981,book-chapter,en,False,,Arts and Humanities,Elsevier eBooks,THE FUTURIST LITERATURE AND THE EMERGENCE OF A ‘NEW PARADIGM’ IMPLICATIONS FOR BUILDING MORE HUMANE KINDS OF SOCIAL-POLITICAL INSTITUTIONS EMPHASIZING THE QUALITY OF LIFE,no,no OA URL and not attempted — library physical/digital lookup required
commoner_1971_closing_circle,1980s,https://openalex.org/W87303812,https://doi.org/10.15453/0191-5096.1849,1988,article,en,True,https://scholarworks.wmich.edu/cgi/viewcontent.cgi?article=1849&context=jssw,Social Sciences,The Journal of Sociology & Social Welfare,Making War Thinkable,no,"OA URL present, not sampled in this run — extend automated extraction first"
commoner_1971_closing_circle,1980s,https://openalex.org/W943991068,https://doi.org/10.23860/thesis-nakagawa-john-1980,1980,dissertation,en,True,https://digitalcommons.uri.edu/cgi/viewcontent.cgi?article=1616&context=theses,Environmental Science,,Environmental Mediation: A New Strategy for Environmental Conflict Resolution,no,"OA URL present, not sampled in this run — extend automated extraction first"
commoner_1971_closing_circle,1970s,https://openalex.org/W98192535,https://doi.org/10.1007/978-94-010-2056-5_5,1974,book-chapter,en,False,,Social Sciences,,Visions and Explanations: Four Perspectives on Education and Work,no,no OA URL and not attempted — library physical/digital lookup required
commoner_1971_closing_circle,1980s,https://openalex.org/W2027200633,https://doi.org/10.2307/1241971,1988,article,en,False,,"Economics, Econometrics and Finance",American Journal of Agricultural Economics,Attitudes and Farmer Conservation Behavior,no,no OA URL and not attempted — library physical/digital lookup required
commoner_1971_closing_circle,1980s,https://openalex.org/W56243226,https://doi.org/10.1007/978-94-009-3395-8_5,1987,book-chapter,en,False,,Environmental Science,,Protest Movements and the Construction of Risk,no,no OA URL and not attempted — library physical/digital lookup required
commoner_1971_closing_circle,1980s,https://openalex.org/W2327465109,https://doi.org/10.2307/2808097,1988,article,en,False,,Environmental Science,Population and Development Review,Demography and the Limits to Growth,no,no OA URL and not attempted — library physical/digital lookup required
commoner_1971_closing_circle,1980s,https://openalex.org/W2025929322,https://doi.org/10.1177/0013916589212003,1989,article,en,False,,Environmental Science,Environment and Behavior,Blacks and the Environment,no,no OA URL and not attempted — library physical/digital lookup required
commoner_1971_closing_circle,1980s,https://openalex.org/W2333599285,https://doi.org/10.1080/00963402.1989.11459763,1989,article,en,False,,Social Sciences,Bulletin of the Atomic Scientists,Project Chariot: How Alaska Escaped Nuclear Excavation,no,no OA URL and not attempted — library physical/digital lookup required
commoner_1971_closing_circle,1980s,https://openalex.org/W1968848394,https://doi.org/10.2307/2600479,1985,article,en,False,,"Economics, Econometrics and Finance",International Studies Quarterly,On the Political Consequences of Scarcity and Economic Decline,no,no OA URL and not attempted — library physical/digital lookup required
commoner_1971_closing_circle,1970s,https://openalex.org/W1992050415,https://doi.org/10.2307/3113226,1978,article,en,False,,Environmental Science,The Business History Review,Growth or a Clean Environment? Responses to Petroleum-related Pollution in the Gulf Coast Refining Region,no,no OA URL and not attempted — library physical/digital lookup required
commoner_1971_closing_circle,1980s,https://openalex.org/W2122163547,https://doi.org/10.5840/philtoday198226218,1982,article,en,False,,Engineering,Philosophy Today,Four Philosophies of Technology,no,no OA URL and not attempted — library physical/digital lookup required
commoner_1971_closing_circle,1980s,https://openalex.org/W2057871574,https://doi.org/10.1080/00201748608602094,1986,article,en,False,,Environmental Science,Inquiry,"Moderation, morals, and meat",no,no OA URL and not attempted — library physical/digital lookup required
commoner_1971_closing_circle,1970s,https://openalex.org/W2024767327,https://doi.org/10.1177/000276427802200102,1978,article,en,False,,Environmental Science,American Behavioral Scientist,Geography as Human Ecology,no,no OA URL and not attempted — library physical/digital lookup required
commoner_1971_closing_circle,1970s,https://openalex.org/W1981364469,https://doi.org/10.1080/0140528790010114,1979,article,en,False,,Environmental Science,European Journal of Science Education,The UNESCO‐UNEP Programme in Environmental Education,no,no OA URL and not attempted — library physical/digital lookup required
commoner_1971_closing_circle,1980s,https://openalex.org/W2090785899,https://doi.org/10.1080/02732173.1985.9981757,1985,article,en,False,,Social Sciences,Sociological Spectrum,Succession and success: A new look at an old concept,no,no OA URL and not attempted — library physical/digital lookup required
commoner_1971_closing_circle,1970s,https://openalex.org/W2070397103,https://doi.org/10.1007/bf02407506,1976,article,en,False,,Computer Science,Environmental Geology,"Earth resources, time, and man — A geoscience perspective",no,no OA URL and not attempted — library physical/digital lookup required
commoner_1971_closing_circle,1970s,https://openalex.org/W2042177098,https://doi.org/10.1080/00958964.1976.9941553,1976,article,en,False,,Environmental Science,The Journal of Environmental Education,The Practice of Environmental Quality Behavior,no,no OA URL and not attempted — library physical/digital lookup required
commoner_1971_closing_circle,1970s,https://openalex.org/W2158592882,https://doi.org/10.1111/j.0033-0124.1979.00371.x,1979,article,en,False,,Environmental Science,The Professional Geographer,ECOPOLITICAL ECONOMY OF THE GREEN REVOLUTION,no,no OA URL and not attempted — library physical/digital lookup required
commoner_1971_closing_circle,1970s,https://openalex.org/W2017763306,https://doi.org/10.1080/00131727809336299,1978,article,en,False,,Social Sciences,The Educational Forum,The Role of Schools in Socialization to Adulthood,no,no OA URL and not attempted — library physical/digital lookup required
commoner_1971_closing_circle,1970s,https://openalex.org/W2101320420,https://doi.org/10.1017/s036123330000301x,1979,article,en,False,,Arts and Humanities,Prospects,Some Elementary Axioms for an American Culture Studies,no,no OA URL and not attempted — library physical/digital lookup required
commoner_1971_closing_circle,1970s,https://openalex.org/W2089461920,https://doi.org/10.1017/s0376892900001363,1975,article,en,False,,Environmental Science,Environmental Conservation,An Environmentally-oriented Mode of Industrial Project Planning,no,no OA URL and not attempted — library physical/digital lookup required
commoner_1971_closing_circle,1980s,https://openalex.org/W2087984017,https://doi.org/10.2307/1240740,1982,article,en,False,,Environmental Science,American Journal of Agricultural Economics,Agriculture and Natural Resource Adequacy,no,no OA URL and not attempted — library physical/digital lookup required
commoner_1971_closing_circle,1980s,https://openalex.org/W1969412255,https://doi.org/10.1177/002190968201700102,1982,article,en,False,,"Business, Management and Accounting",Journal of Asian and African Studies,Technology Transfer and Theories of Development: Conceptual Issues in the South Asian Context,no,no OA URL and not attempted — library physical/digital lookup required
commoner_1971_closing_circle,1980s,https://openalex.org/W2085485556,https://doi.org/10.1007/bf00927069,1982,article,en,False,,Earth and Planetary Sciences,Origins of Life and Evolution of Biospheres,Material cycling and organic evolution,no,no OA URL and not attempted — library physical/digital lookup required
commoner_1971_closing_circle,1980s,https://openalex.org/W1977022172,https://doi.org/10.1007/bf02240229,1986,article,en,False,,Environmental Science,The Environmentalist,Urban estuarine systems under stress: Environmental issues facing Louisiana's Lake pontchartrain,no,no OA URL and not attempted — library physical/digital lookup required
commoner_1971_closing_circle,1980s,https://openalex.org/W2068130846,https://doi.org/10.1080/10455758809358360,1988,article,en,False,,Social Sciences,Capitalism Nature Socialism,Ideologies of environmental crisis: Technology and its discontents,no,no OA URL and not attempted — library physical/digital lookup required
commoner_1971_closing_circle,1970s,https://openalex.org/W1974786908,https://doi.org/10.2190/b4t8-blg5-e4ph-fhct,1973,article,en,False,,Medicine,International Journal of Health Services,Some Political and Ethical Problems in the Development of Family Planning,no,no OA URL and not attempted — library physical/digital lookup required
commoner_1971_closing_circle,1980s,https://openalex.org/W1982695659,https://doi.org/10.1007/978-1-4684-4952-5_23,1985,book-chapter,en,False,,Medicine,,The Fetus as Patient,no,no OA URL and not attempted — library physical/digital lookup required
commoner_1971_closing_circle,1970s,https://openalex.org/W841902699,,1975,article,es,True,http://hdl.handle.net/11362/20298,Environmental Science,DIGITAL REPOSITORY Economic Commission for Latin America and the Caribbean (United Nations),Hacia una teoria del ecodesarrollo: concepto clave para ubicar el rol de politicas de poblacion dentro del proceso de desarrollo,no,"OA URL present, not sampled in this run — extend automated extraction first"
commoner_1971_closing_circle,1970s,https://openalex.org/W1964929133,https://doi.org/10.1016/0304-4009(77)90011-0,1977,article,en,False,,Social Sciences,Urban Ecology,"Economic growth, lifestyle preferences, and urban size",no,no OA URL and not attempted — library physical/digital lookup required
commoner_1971_closing_circle,1970s,https://openalex.org/W2067572968,https://doi.org/10.1080/02580144.1976.10426519,1976,article,en,False,,"Economics, Econometrics and Finance",South African Journal of Sociology,A sociological assessment of economic incentives for industrial pollution abatement,no,no OA URL and not attempted — library physical/digital lookup required
commoner_1971_closing_circle,1980s,https://openalex.org/W250739109,https://doi.org/10.31274/rtd-180813-12757,1989,dissertation,en,False,,Engineering,,Role of preferential flow on water and chemical transport in a glacial till soil,no,no OA URL and not attempted — library physical/digital lookup required
commoner_1971_closing_circle,1970s,https://openalex.org/W1998652919,https://doi.org/10.1080/10510977909368004,1979,article,en,False,,Arts and Humanities,Central States Speech Journal,Notes on a rhetoric of lamentation,no,no OA URL and not attempted — library physical/digital lookup required
commoner_1971_closing_circle,1970s,https://openalex.org/W2015362926,https://doi.org/10.1080/00050067708255879,1977,article,en,False,,Social Sciences,Australian Psychologist,The structure of attitudes to doomsday issues,no,no OA URL and not attempted — library physical/digital lookup required
commoner_1971_closing_circle,1970s,https://openalex.org/W2326954265,https://doi.org/10.2307/1957803,1972,article,en,False,,Environmental Science,American Political Science Review,From Gold to Garbage: A Bibliographical Essay on Politics and the Environment,no,no OA URL and not attempted — library physical/digital lookup required
commoner_1971_closing_circle,1970s,https://openalex.org/W2067016403,https://doi.org/10.1080/00207237408709640,1974,article,en,False,,Engineering,International Journal of Environmental Studies,Options for improving water quality,no,no OA URL and not attempted — library physical/digital lookup required
commoner_1971_closing_circle,1970s,https://openalex.org/W122259770,,1979,dissertation,en,True,http://summit.sfu.ca/item/3170,Agricultural and Biological Sciences,Summit (Simon Fraser University),Environmental education : identification of key characteristics and a design for curriculum organization,yes,had OA URL but extraction yielded 0 — likely PDF parsing limitation; library physical/digital lookup recommended
commoner_1971_closing_circle,1980s,https://openalex.org/W1982159072,https://doi.org/10.1080/00207238208709965,1982,article,en,False,,Environmental Science,International Journal of Environmental Studies,Energy constraints on rice production in the developing world: an environmental perspective,no,no OA URL and not attempted — library physical/digital lookup required
commoner_1971_closing_circle,1980s,https://openalex.org/W1994521408,https://doi.org/10.2307/2538442,1980,article,en,False,,Arts and Humanities,International Security,"The Bomb, Dread, and Eternity",no,no OA URL and not attempted — library physical/digital lookup required
commoner_1971_closing_circle,1980s,https://openalex.org/W2169972065,https://doi.org/10.1080/02508068308686038,1983,article,en,False,,Environmental Science,Water International,Groundwater Policies in the Agricultural Midwestern United States,no,no OA URL and not attempted — library physical/digital lookup required
commoner_1971_closing_circle,1980s,https://openalex.org/W175069557,https://doi.org/10.2307/4447860,1984,article,en,False,,Social Sciences,The American Biology Teacher,Human Ecology: A First Lesson,no,no OA URL and not attempted — library physical/digital lookup required
commoner_1971_closing_circle,1980s,https://openalex.org/W1979036677,https://doi.org/10.1016/s0251-1088(81)92228-2,1981,article,en,False,,Environmental Science,The Environmentalist,The African environment: from transition to stability,no,no OA URL and not attempted — library physical/digital lookup required
commoner_1971_closing_circle,1980s,https://openalex.org/W2005045881,https://doi.org/10.1080/02604027.1985.9972009,1985,article,en,False,,Social Sciences,World Futures,"Nuclear technology, the threat and the urgency to philosophize",no,no OA URL and not attempted — library physical/digital lookup required
commoner_1971_closing_circle,1970s,https://openalex.org/W2060021936,https://doi.org/10.1016/0148-2963(74)90025-3,1974,article,en,False,,"Business, Management and Accounting",Journal of Business Research,Management and its critics: A look at social pluralism,no,no OA URL and not attempted — library physical/digital lookup required
commoner_1971_closing_circle,1980s,https://openalex.org/W2219436903,https://doi.org/10.1007/978-94-009-8498-1_1,1981,book-chapter,en,False,,Environmental Science,,Natural Environment and Resources,no,no OA URL and not attempted — library physical/digital lookup required
commoner_1971_closing_circle,1980s,https://openalex.org/W303014415,https://doi.org/10.31274/rtd-180813-5513,1982,dissertation,en,False,,Environmental Science,,The New Ecological Paradigm: an exploration into the nature and correlates of Iowan's environmental orientations,no,no OA URL and not attempted — library physical/digital lookup required
commoner_1971_closing_circle,1980s,https://openalex.org/W1553615881,,1989,article,en,True,https://ro.uow.edu.au/theses/2112,Social Sciences,Research Online (University of Wollongong),Technology and the Australian state: the changing political discourse on technology in Australia 1975-1985,yes,had OA URL but extraction yielded 0 — likely PDF parsing limitation; library physical/digital lookup recommended
commoner_1971_closing_circle,1980s,https://openalex.org/W1964789082,https://doi.org/10.1080/02772248909357394,1989,article,en,False,,Earth and Planetary Sciences,Toxicological & Environmental Chemistry Reviews,Environmental problems of Kavala region,no,no OA URL and not attempted — library physical/digital lookup required
commoner_1971_closing_circle,1970s,https://openalex.org/W1975636431,https://doi.org/10.1080/00368121.1977.9955369,1977,article,en,False,,Agricultural and Biological Sciences,Science Activities,"Building Ecosystems: Organisms, Energy, and Minerals",no,no OA URL and not attempted — library physical/digital lookup required
commoner_1971_closing_circle,1970s,https://openalex.org/W2018156155,https://doi.org/10.1016/0091-7435(72)90028-x,1972,article,en,False,,"Economics, Econometrics and Finance",Preventive Medicine,Public-administered systems of medical care for the 1980s,no,no OA URL and not attempted — library physical/digital lookup required
commoner_1971_closing_circle,1970s,https://openalex.org/W2275027705,https://doi.org/10.2307/3349543,1974,article,en,False,,Social Sciences,The Milbank Memorial Fund Quarterly Health and Society,Foundations of Federal Fertility Policy,no,no OA URL and not attempted — library physical/digital lookup required
commoner_1971_closing_circle,1970s,https://openalex.org/W2280295236,,1978,article,en,False,,Engineering,PubMed,"Energy, environment, and health: what can we learn from the nuclear experience? Fourteenth Failla memorial lecture.",no,no OA URL and not attempted — library physical/digital lookup required
commoner_1971_closing_circle,1980s,https://openalex.org/W2327574894,https://doi.org/10.2307/1389054,1985,article,en,False,,"Economics, Econometrics and Finance",Sociological Perspectives,Apparent and Genuine Affluence,no,no OA URL and not attempted — library physical/digital lookup required
commoner_1971_closing_circle,1980s,https://openalex.org/W2397589369,https://doi.org/10.1007/978-1-4612-3598-9_1,1989,book-chapter,en,False,,Social Sciences,Springer series on environmental management,Introduction: The New Profession of Environmental Management,no,no OA URL and not attempted — library physical/digital lookup required
commoner_1971_closing_circle,1980s,https://openalex.org/W2492127890,https://doi.org/10.1007/978-1-349-10086-6_10,1988,book-chapter,en,False,,Physics and Astronomy,Palgrave Macmillan UK eBooks,The King is Dying: The Swing against technology,no,no OA URL and not attempted — library physical/digital lookup required
commoner_1971_closing_circle,1980s,https://openalex.org/W2590004714,,1985,article,en,False,,Health Professions,,A Philosophical and Ethical Perspective,no,no OA URL and not attempted — library physical/digital lookup required
commoner_1971_closing_circle,1970s,https://openalex.org/W618196775,,1973,dissertation,en,True,http://summit.sfu.ca/item/2956,Environmental Science,Summit (Simon Fraser University),Organizing dialogue between scientists and citizens : problems in the use of video in continuing education. --,yes,had OA URL but extraction yielded 0 — likely PDF parsing limitation; library physical/digital lookup recommended
commoner_1971_closing_circle,1980s,https://openalex.org/W625373538,https://doi.org/10.1007/978-1-4684-1057-0_7,1981,book-chapter,en,False,,Earth and Planetary Sciences,,The Global Cycles of Life,no,no OA URL and not attempted — library physical/digital lookup required
commoner_1971_closing_circle,1980s,https://openalex.org/W802485841,,1985,article,en,True,https://scholarworks.umt.edu/etd/3926,Arts and Humanities,The Mathematics Enthusiast,Toward a new myth of the West| The ecological comedy in contemporary American novels,yes,had OA URL but extraction yielded 0 — likely PDF parsing limitation; library physical/digital lookup recommended
commoner_1971_closing_circle,1980s,https://openalex.org/W1002603985,https://doi.org/10.1016/s0166-1116(09)70074-3,1988,book-chapter,en,False,,Environmental Science,Studies in environmental science,Chapter 8 Teratogenicity of Pesticides and Other Environmental Pollutants,no,no OA URL and not attempted — library physical/digital lookup required
commoner_1971_closing_circle,1980s,https://openalex.org/W648870194,https://doi.org/10.1007/978-94-009-3755-0_4,1987,book-chapter,en,False,,Social Sciences,,The Knowledge Interests of the Environmental Movement and its Potential for Influencing the Development of Science,no,no OA URL and not attempted — library physical/digital lookup required
commoner_1971_closing_circle,1970s,https://openalex.org/W2083500455,https://doi.org/10.1080/00207237808709769,1978,article,en,False,,Social Sciences,International Journal of Environmental Studies,A further look at the environment as a political issue,no,no OA URL and not attempted — library physical/digital lookup required
commoner_1971_closing_circle,1970s,https://openalex.org/W2317455895,https://doi.org/10.1177/030437547500100102,1975,article,en,False,,Social Sciences,Alternatives Global Local Political,Alternatives in Technology,no,no OA URL and not attempted — library physical/digital lookup required
commoner_1971_closing_circle,1970s,https://openalex.org/W2070915705,https://doi.org/10.1111/j.1744-7348.1972.tb01276.x,1972,article,en,False,,Environmental Science,Annals of Applied Biology,Dilemmas in conservation for applied biologists,no,no OA URL and not attempted — library physical/digital lookup required
commoner_1971_closing_circle,1970s,https://openalex.org/W180177667,https://doi.org/10.1007/978-3-642-66047-4_5,1975,book-chapter,en,False,,Medicine,,"Social and Ecological Factors in the Etiology, Outcome, Treatment and Prevention of Mental Disorders",no,no OA URL and not attempted — library physical/digital lookup required
commoner_1971_closing_circle,1970s,https://openalex.org/W2024755957,https://doi.org/10.1080/08920757909361821,1979,article,en,False,,Environmental Science,Coastal Zone Management Journal,Developing management guidelines for oil and gas activities: The louisiana experience,no,no OA URL and not attempted — library physical/digital lookup required
commoner_1971_closing_circle,1970s,https://openalex.org/W1737326520,,1973,article,nl,False,,Social Sciences,Mens en Maatschappij,Naar een kritische wetenschapssociologie,no,no OA URL and not attempted — library physical/digital lookup required
commoner_1971_closing_circle,1980s,https://openalex.org/W2049365733,https://doi.org/10.1007/bf02277236,1986,article,en,False,,"Business, Management and Accounting",The Environmentalist,Relationships between development and disease,no,no OA URL and not attempted — library physical/digital lookup required
schumacher_1974_small_is_beautiful,1970s,https://openalex.org/W2189405970,https://doi.org/10.1093/oxfordjournals.bjc.a046783,1977,article,en,False,,Social Sciences,The British Journal of Criminology,CONFLICTS AS PROPERTY*,no,no OA URL and not attempted — library physical/digital lookup required
schumacher_1974_small_is_beautiful,1980s,https://openalex.org/W2113226060,https://doi.org/10.1177/001872678103400904,1981,article,en,False,,Health Professions,Human Relations,Psychological Sense of Community: Measurement and Application,no,no OA URL and not attempted — library physical/digital lookup required
schumacher_1974_small_is_beautiful,1980s,https://openalex.org/W2108321817,https://doi.org/10.1016/0261-5177(88)90020-9,1988,article,en,False,,Social Sciences,Tourism Management,Responsible and responsive tourism planning in the community,no,no OA URL and not attempted — library physical/digital lookup required
schumacher_1974_small_is_beautiful,1980s,https://openalex.org/W128619635,https://doi.org/10.1007/978-1-349-09214-7_13,1987,book-chapter,en,True,https://figshare.com/articles/report/Normal_professionalism_new_paradigms_and_development/26446198,Social Sciences,Palgrave Macmillan UK eBooks,"Normal Professionalism, New Paradigms and Development",yes,had OA URL but extraction yielded 0 — likely PDF parsing limitation; library physical/digital lookup recommended
schumacher_1974_small_is_beautiful,1980s,https://openalex.org/W560133885,https://doi.org/10.1007/978-1-349-17907-7_2,1985,book-chapter,en,False,,"Economics, Econometrics and Finance",Palgrave Macmillan UK eBooks,Macro Policies for Appropriate Technology: An Introductory Classification,no,no OA URL and not attempted — library physical/digital lookup required
schumacher_1974_small_is_beautiful,1980s,https://openalex.org/W2320865071,https://doi.org/10.2307/3673461,1989,article,en,False,,"Business, Management and Accounting",Mountain Research and Development,"Technology Choice in Bhutan: Labour Shortage, Aid Dependence, and a Mountain Environment",no,no OA URL and not attempted — library physical/digital lookup required
schumacher_1974_small_is_beautiful,1970s,https://openalex.org/W2123271580,https://doi.org/10.1016/0304-4173(79)90018-1,1979,review,en,False,,"Biochemistry, Genetics and Molecular Biology",Biochimica et Biophysica Acta (BBA) - Reviews on Bioenergetics,On the functional proton current pathway of electron transport phosphorylation,no,no OA URL and not attempted — library physical/digital lookup required
schumacher_1974_small_is_beautiful,1970s,https://openalex.org/W2049535539,https://doi.org/10.1111/j.1759-5436.1979.mp10002003.x,1979,article,en,True,https://onlinelibrary.wiley.com/doi/pdfdirect/10.1111/j.1759-5436.1979.mp10002003.x,Environmental Science,The IDS Bulletin,The Uses of Indigenous Technical Knowledge in Development,no,"OA URL present, not sampled in this run — extend automated extraction first"
schumacher_1974_small_is_beautiful,1980s,https://openalex.org/W2094634433,https://doi.org/10.1108/eb002655,1987,article,en,False,,"Economics, Econometrics and Finance",Journal of Economic Studies,Economics and Systems Theory,no,no OA URL and not attempted — library physical/digital lookup required
schumacher_1974_small_is_beautiful,1980s,https://openalex.org/W1978462657,https://doi.org/10.1177/0143831x8342006,1983,article,en,False,,"Economics, Econometrics and Finance",Economic and Industrial Democracy,Self-Management: The Case of the Kibbutz,no,no OA URL and not attempted — library physical/digital lookup required
schumacher_1974_small_is_beautiful,1980s,https://openalex.org/W2164880591,https://doi.org/10.1177/001872678103400501,1981,article,en,False,,Psychology,Human Relations,A New Look at Job Satisfaction in the Small Firm,no,no OA URL and not attempted — library physical/digital lookup required
schumacher_1974_small_is_beautiful,1980s,https://openalex.org/W228547105,https://doi.org/10.1007/978-3-322-84101-8_19,1981,book-chapter,de,False,,Social Sciences,VS Verlag für Sozialwissenschaften eBooks,Die Zukunft des Fortschritts,no,no OA URL and not attempted — library physical/digital lookup required
schumacher_1974_small_is_beautiful,1980s,https://openalex.org/W2069125904,https://doi.org/10.1061/(asce)0733-9364(1983)109:1(13),1983,article,en,False,,Engineering,Journal of Construction Engineering and Management,Macrofirms: Construction Firms for the Computer Age,no,no OA URL and not attempted — library physical/digital lookup required
schumacher_1974_small_is_beautiful,1970s,https://openalex.org/W2016991854,https://doi.org/10.1016/0305-0483(73)90084-4,1973,article,en,False,,Social Sciences,Omega,"Operational research, social well-being and the zero growth concept",no,no OA URL and not attempted — library physical/digital lookup required
schumacher_1974_small_is_beautiful,1980s,https://openalex.org/W1982008212,https://doi.org/10.1355/cs10-2d,1988,article,en,False,,Social Sciences,Contemporary Southeast Asia,Microstate Sovereignty in the South Pacific: Is Small Practical?,no,no OA URL and not attempted — library physical/digital lookup required
schumacher_1974_small_is_beautiful,1970s,https://openalex.org/W1965728359,https://doi.org/10.2307/800503,1979,article,en,False,,Environmental Science,Social Problems,The Coming Redefinitions of Crime: An Anarchist Perspective,no,no OA URL and not attempted — library physical/digital lookup required
schumacher_1974_small_is_beautiful,1980s,https://openalex.org/W23669480,https://doi.org/10.1007/978-94-009-6340-5_2,1984,book-chapter,en,False,,Physics and Astronomy,Sociology of the sciences/Sociology of the sciences yearbook,Science and Utopia: The History of a Dilemma,no,no OA URL and not attempted — library physical/digital lookup required
schumacher_1974_small_is_beautiful,1980s,https://openalex.org/W2060425933,https://doi.org/10.1016/0024-6301(80)90027-8,1980,article,en,False,,"Economics, Econometrics and Finance",Long Range Planning,Innovation as the source of long term economic growth,no,no OA URL and not attempted — library physical/digital lookup required
schumacher_1974_small_is_beautiful,1980s,https://openalex.org/W135349579,https://doi.org/10.1007/978-1-4899-0429-4_19,1981,book-chapter,en,False,,Social Sciences,Critical issues in social justice,Law as a Social Trap,no,no OA URL and not attempted — library physical/digital lookup required
schumacher_1974_small_is_beautiful,1980s,https://openalex.org/W1969289079,https://doi.org/10.1080/08109028608629021,1986,article,en,True,https://doi.org/10.1080/08109028608629021,Social Sciences,Prometheus,TECHNOLOGY AND PUBLIC CHOICE: STRATEGIES FOR TECHNOLOGICAL CONTROL AND THE SELECTION OF TECHNOLOGIES,no,"OA URL present, not sampled in this run — extend automated extraction first"
schumacher_1974_small_is_beautiful,1980s,https://openalex.org/W2320052243,https://doi.org/10.2307/633918,1984,article,en,False,,"Economics, Econometrics and Finance",Geographical Journal,"The Southern Problem, The Neapolitan Problem and Italian Regional Policy",no,no OA URL and not attempted — library physical/digital lookup required
schumacher_1974_small_is_beautiful,1980s,https://openalex.org/W2502347856,https://doi.org/10.1007/978-1-349-19598-5_4,1988,book-chapter,en,False,,Environmental Science,Palgrave Macmillan UK eBooks,Theory of Eco-development,no,no OA URL and not attempted — library physical/digital lookup required
schumacher_1974_small_is_beautiful,1970s,https://openalex.org/W2089186877,https://doi.org/10.1017/s0022278x00021923,1978,article,en,False,,Engineering,The Journal of Modern African Studies,Technology and Employment in Developing Countries,no,no OA URL and not attempted — library physical/digital lookup required
schumacher_1974_small_is_beautiful,1970s,https://openalex.org/W2094227859,https://doi.org/10.1177/000169937501800107,1975,article,en,False,,"Economics, Econometrics and Finance",Acta Sociologica,"Slow is beautiful. The Stratification of Personal Mobility, with special reference to international aviation",no,no OA URL and not attempted — library physical/digital lookup required
schumacher_1974_small_is_beautiful,1970s,https://openalex.org/W2098736169,https://doi.org/10.1016/0024-6301(79)90096-7,1979,article,en,False,,"Business, Management and Accounting",Long Range Planning,Strategic planning as an organizational change process—Some guidelines from practice,no,no OA URL and not attempted — library physical/digital lookup required
schumacher_1974_small_is_beautiful,1980s,https://openalex.org/W2126438724,https://doi.org/10.1016/0264-8377(89)90006-9,1989,article,en,False,,Agricultural and Biological Sciences,Land Use Policy,Irrigation and rural development in Morocco,no,no OA URL and not attempted — library physical/digital lookup required
schumacher_1974_small_is_beautiful,1980s,https://openalex.org/W211012506,https://doi.org/10.1016/0264-2751(85)90102-7,1985,article,en,False,,Social Sciences,Cities,Planning for small enterprises in third world cities,no,no OA URL and not attempted — library physical/digital lookup required
schumacher_1974_small_is_beautiful,1970s,https://openalex.org/W2069460797,https://doi.org/10.1016/0024-6301(76)90015-7,1976,article,en,False,,"Business, Management and Accounting",Long Range Planning,New dimensions in Corporate Planning,no,no OA URL and not attempted — library physical/digital lookup required
schumacher_1974_small_is_beautiful,1970s,https://openalex.org/W2045686424,https://doi.org/10.1016/0016-3287(78)90139-8,1978,article,en,False,,Social Sciences,Futures,Scenarios of world development,no,no OA URL and not attempted — library physical/digital lookup required
schumacher_1974_small_is_beautiful,1980s,https://openalex.org/W2093182627,https://doi.org/10.1007/bf01385449,1988,article,en,False,,Social Sciences,Employee Responsibilities and Rights Journal,The challenge of responsibilities: Confronting the revolution in workplace rights in modern organizations,no,no OA URL and not attempted — library physical/digital lookup required
schumacher_1974_small_is_beautiful,1970s,https://openalex.org/W2027988109,https://doi.org/10.1016/0040-1625(79)90048-9,1979,article,en,False,,Decision Sciences,Technological Forecasting and Social Change,A strategy for organized technology,no,no OA URL and not attempted — library physical/digital lookup required
schumacher_1974_small_is_beautiful,1980s,https://openalex.org/W2040212765,https://doi.org/10.1016/0261-2194(88)90017-8,1988,article,en,False,,Agricultural and Biological Sciences,Crop Protection,An approach to improving pest management: rice in Malaysia,no,no OA URL and not attempted — library physical/digital lookup required
schumacher_1974_small_is_beautiful,1970s,https://openalex.org/W2041562878,https://doi.org/10.1016/0037-7856(75)90108-0,1975,article,en,False,,Immunology and Microbiology,Social Science & Medicine (1967),Preventing schistosomiasis: A critical assessment of present policy,no,no OA URL and not attempted — library physical/digital lookup required
schumacher_1974_small_is_beautiful,1980s,https://openalex.org/W2079697736,https://doi.org/10.1177/026624268200100101,1982,article,en,False,,"Business, Management and Accounting",European Small Business Journal,"The Small Firm in Britain-Past, Present and Future",no,no OA URL and not attempted — library physical/digital lookup required
schumacher_1974_small_is_beautiful,1970s,https://openalex.org/W2065234028,https://doi.org/10.1007/bf02686342,1976,article,en,False,,Social Sciences,Studies in Comparative International Development,On the ethics of development planning,no,no OA URL and not attempted — library physical/digital lookup required
schumacher_1974_small_is_beautiful,1980s,https://openalex.org/W2057258938,https://doi.org/10.1080/00049188208702810,1982,article,en,False,,"Economics, Econometrics and Finance",Australian Geographer,"Theories and techniques in third world settings: trishaw pedallers and<i>towkays</i>in Georgetown, Malaysia",no,no OA URL and not attempted — library physical/digital lookup required
schumacher_1974_small_is_beautiful,1980s,https://openalex.org/W2060730755,https://doi.org/10.1093/cdj/24.4.264,1989,article,en,False,,Social Sciences,Community Development Journal,Development Communication: the Search for a Participatory Paradigm,no,no OA URL and not attempted — library physical/digital lookup required
schumacher_1974_small_is_beautiful,1980s,https://openalex.org/W2031329939,https://doi.org/10.1080/00207238708710329,1987,article,en,False,,Environmental Science,International Journal of Environmental Studies,Environmental science and environmental philosophy: part 2 environmental science and the coming social Paradigm,no,no OA URL and not attempted — library physical/digital lookup required
schumacher_1974_small_is_beautiful,1980s,https://openalex.org/W2074358479,https://doi.org/10.1080/07393148508429598,1985,article,en,False,,Social Sciences,New Political Science,Eco-Socialism: Left Environmentalism in West Germany,no,no OA URL and not attempted — library physical/digital lookup required
schumacher_1974_small_is_beautiful,1980s,https://openalex.org/W2082313130,https://doi.org/10.1355/ae1-2a,1984,article,en,False,,"Business, Management and Accounting",Asean Economic Bulletin,Small Enterprises in ASEAN: Need for regional co-operation,no,no OA URL and not attempted — library physical/digital lookup required
schumacher_1974_small_is_beautiful,1970s,https://openalex.org/W2502490620,https://doi.org/10.1007/978-1-349-04486-3_15,1979,book-chapter,en,False,,"Business, Management and Accounting",Palgrave Macmillan UK eBooks,"Interests, Hopes and Fears — Can We Change the Future?",no,no OA URL and not attempted — library physical/digital lookup required
schumacher_1974_small_is_beautiful,1970s,https://openalex.org/W1971144990,https://doi.org/10.1016/0304-4009(78)90024-4,1978,article,en,False,,Environmental Science,Urban Ecology,The quality of life concept—Transitions from the garden to the gardener,no,no OA URL and not attempted — library physical/digital lookup required
schumacher_1974_small_is_beautiful,1980s,https://openalex.org/W79625546,https://doi.org/10.1007/bf00185346,1982,article,en,False,,Agricultural and Biological Sciences,GeoJournal,The rain forest and the farmer,no,no OA URL and not attempted — library physical/digital lookup required
schumacher_1974_small_is_beautiful,1980s,https://openalex.org/W208053786,https://doi.org/10.1016/b978-0-08-024455-6.50010-x,1980,book-chapter,en,False,,Social Sciences,Elsevier eBooks,TECHNOLOGY TRANSFER IN THE ITALIAN MEZZOGIORNO: A MULTICRITERIA EVALUATION METHOD FOR PRIORITY ASSESSMENT,no,no OA URL and not attempted — library physical/digital lookup required
schumacher_1974_small_is_beautiful,1980s,https://openalex.org/W2141194944,https://doi.org/10.1017/s0022216x00022501,1982,article,en,False,,Social Sciences,Journal of Latin American Studies,Haitian Underdevelopment in a Historical Perspective,no,no OA URL and not attempted — library physical/digital lookup required
schumacher_1974_small_is_beautiful,1980s,https://openalex.org/W2170464728,https://doi.org/10.1080/0305006820180305,1982,article,en,False,,Social Sciences,Comparative Education,Agricultural Education and Work Experience Programmes in Schools in a Third World Country: what prospects for human resources development?,no,no OA URL and not attempted — library physical/digital lookup required
schumacher_1974_small_is_beautiful,1970s,https://openalex.org/W2054785147,https://doi.org/10.1016/0377-2217(77)90042-x,1977,article,en,False,,Decision Sciences,European Journal of Operational Research,Reflections and observations on various approaches to strategic planning,no,no OA URL and not attempted — library physical/digital lookup required
schumacher_1974_small_is_beautiful,1980s,https://openalex.org/W758374312,https://doi.org/10.1007/978-94-009-6542-3_29,1984,book-chapter,en,False,,Arts and Humanities,Monographiae biologicae,"Present ‘development’ of Amazonia in the light of the ecological aspect of life, and alternative concepts",no,no OA URL and not attempted — library physical/digital lookup required
schumacher_1974_small_is_beautiful,1980s,https://openalex.org/W1536402904,https://doi.org/10.1007/978-1-4684-7404-6_1,1986,book-chapter,en,False,,Engineering,,AI in architectural CAD,no,no OA URL and not attempted — library physical/digital lookup required
schumacher_1974_small_is_beautiful,1980s,https://openalex.org/W1945786511,https://doi.org/10.1007/978-1-4471-1632-5_7,1988,book-chapter,en,False,,Social Sciences,,Can Skills be Transferable?,no,no OA URL and not attempted — library physical/digital lookup required
schumacher_1974_small_is_beautiful,1980s,https://openalex.org/W2185065878,https://doi.org/10.1007/978-94-009-8563-6_1,1981,book-chapter,en,False,,"Economics, Econometrics and Finance",,Interactions of Food and Climate: Issues and Policy Considerations,no,no OA URL and not attempted — library physical/digital lookup required
schumacher_1974_small_is_beautiful,1980s,https://openalex.org/W2031854532,https://doi.org/10.1215/00182702-18-1-33,1986,article,en,False,,"Economics, Econometrics and Finance",History of Political Economy,Romanticism and Neo-Romanticism in Political Economy,no,no OA URL and not attempted — library physical/digital lookup required
schumacher_1974_small_is_beautiful,1970s,https://openalex.org/W24170047,https://doi.org/10.1007/978-1-4613-2853-7_3,1978,book-chapter,en,False,,Social Sciences,,Designed Communality: A Synergic Context for Community and Privacy,no,no OA URL and not attempted — library physical/digital lookup required
schumacher_1974_small_is_beautiful,1970s,https://openalex.org/W1986456230,https://doi.org/10.1007/bf01807741,1979,article,en,False,,Social Sciences,Interchange,Socialization and cultural development,no,no OA URL and not attempted — library physical/digital lookup required
schumacher_1974_small_is_beautiful,1970s,https://openalex.org/W2009052457,https://doi.org/10.1109/cdc.1977.271614,1977,article,en,False,,Decision Sciences,,"Society, research policy and systems science",no,no OA URL and not attempted — library physical/digital lookup required
schumacher_1974_small_is_beautiful,1970s,https://openalex.org/W2011774232,https://doi.org/10.1145/1041571.1041572,1978,article,en,True,https://dl.acm.org/doi/pdf/10.1145/1041571.1041572,Engineering,ACM SIGPC Notes,"If ""small is beautiful,"" is micro marvellous?",no,"OA URL present, not sampled in this run — extend automated extraction first"
schumacher_1974_small_is_beautiful,1980s,https://openalex.org/W2075728056,https://doi.org/10.1080/03768358508439147,1985,article,en,False,,Environmental Science,Development Southern Africa,Development thinking in the field of ethics,no,no OA URL and not attempted — library physical/digital lookup required
schumacher_1974_small_is_beautiful,1980s,https://openalex.org/W2151830523,https://doi.org/10.1016/0024-6301(84)90147-x,1984,article,en,False,,"Economics, Econometrics and Finance",Long Range Planning,Brief case: A portfolio of commentary and opinion,no,no OA URL and not attempted — library physical/digital lookup required
schumacher_1974_small_is_beautiful,1980s,https://openalex.org/W788151170,,1988,dissertation,en,True,http://hdl.handle.net/10523/4635,Psychology,Otago University Research Archive (University of Otago),The Remarkables Skifield: a case study,yes,had OA URL but extraction yielded 0 — likely PDF parsing limitation; library physical/digital lookup recommended
schumacher_1974_small_is_beautiful,1980s,https://openalex.org/W1964619255,https://doi.org/10.1080/02533958108458299,1981,article,en,False,,Social Sciences,Social Dynamics,"Development strategies for the 1980s: Disillusion, confusion and hope",no,no OA URL and not attempted — library physical/digital lookup required
schumacher_1974_small_is_beautiful,1970s,https://openalex.org/W1969091875,https://doi.org/10.1016/0305-750x(76)90084-x,1976,article,en,False,,Environmental Science,World Development,Optimal analysis of fragmented agricultural projects in less developed countries,no,no OA URL and not attempted — library physical/digital lookup required
schumacher_1974_small_is_beautiful,1980s,https://openalex.org/W1977884407,https://doi.org/10.1080/02255189.1989.9669370,1989,article,en,False,,Social Sciences,Canadian Journal of Development Studies/Revue canadienne d études du développement,"The Promise: “Uncaptured” Peasantry, the State and Development in Bhutan",no,no OA URL and not attempted — library physical/digital lookup required
schumacher_1974_small_is_beautiful,1980s,https://openalex.org/W1986420867,https://doi.org/10.1080/00346768400000038,1984,article,en,False,,Social Sciences,Review of Social Economy,Solidarity: Reflections and Prospects,no,no OA URL and not attempted — library physical/digital lookup required
schumacher_1974_small_is_beautiful,1980s,https://openalex.org/W1998854369,https://doi.org/10.1007/bf01831549,1989,article,en,False,,Agricultural and Biological Sciences,Journal of Agricultural and Environmental Ethics,The world agricultural system and ethical considerations relating to the rural environment: Some perspectives on cause and effect in underdeveloped countries,no,no OA URL and not attempted — library physical/digital lookup required
schumacher_1974_small_is_beautiful,1980s,https://openalex.org/W2009213008,https://doi.org/10.1080/0332331850050117,1985,article,en,False,,"Business, Management and Accounting",Irish Educational Studies,Enterprise development and entrepreneurship in third‐level courses in Ireland,no,no OA URL and not attempted — library physical/digital lookup required
schumacher_1974_small_is_beautiful,1980s,https://openalex.org/W2059801528,https://doi.org/10.2307/4446829,1980,article,en,False,,Agricultural and Biological Sciences,The American Biology Teacher,Science Courses for Citizens,no,no OA URL and not attempted — library physical/digital lookup required
schumacher_1974_small_is_beautiful,1980s,https://openalex.org/W2117162968,https://doi.org/10.1007/978-3-322-87432-0_5,1988,book-chapter,de,False,,Computer Science,,Gestaltung eines verteilten Anwendungssystems,no,no OA URL and not attempted — library physical/digital lookup required
schumacher_1974_small_is_beautiful,1980s,https://openalex.org/W2134966905,,1986,other,en,True,http://hdl.handle.net/10068/629941,Computer Science,OpenGrey (Institut de l'Information Scientifique et Technique),"Innovation, user participation, and forest energy development",no,"OA URL present, not sampled in this run — extend automated extraction first"
schumacher_1974_small_is_beautiful,1980s,https://openalex.org/W2167354640,https://doi.org/10.1016/0191-6599(89)90217-9,1989,article,en,False,,Social Sciences,History of European Ideas,"Instead of revolution: Human ghosts of departed quantities. Quantity, quality and holy anorexia",no,no OA URL and not attempted — library physical/digital lookup required
schumacher_1974_small_is_beautiful,1970s,https://openalex.org/W2207929937,,1978,article,en,True,http://opendocs.ids.ac.uk/opendocs/handle/123456789/5407,Social Sciences,OpenDocs (Institute of Development Studies),Ambivalence and commitment in work: labour turnover and the stability of African employees in a Transvaal border industry.,yes,had OA URL but extraction yielded 0 — likely PDF parsing limitation; library physical/digital lookup recommended
schumacher_1974_small_is_beautiful,1980s,https://openalex.org/W231330440,https://doi.org/10.31274/rtd-180813-8895,1989,dissertation,en,True,https://lib.dr.iastate.edu/cgi/viewcontent.cgi?article=9905&context=rtd,"Economics, Econometrics and Finance",,Capital-labor substitutability in Malaysian manufacturing: alternative estimates and policy implications,yes,had OA URL but extraction yielded 0 — likely PDF parsing limitation; library physical/digital lookup recommended
schumacher_1974_small_is_beautiful,1970s,https://openalex.org/W2336083603,,1979,article,es,False,,Environmental Science,Americanae (AECID Library),Evolución del pensamiento ecológico,no,no OA URL and not attempted — library physical/digital lookup required
schumacher_1974_small_is_beautiful,1970s,https://openalex.org/W2337486176,https://doi.org/10.1080/03060497.1976.11086643,1976,article,en,False,,Arts and Humanities,Self & Society,The ‘Power-Knowledge’ of Newtonian Technology and its Psychosocial Antidote,no,no OA URL and not attempted — library physical/digital lookup required
schumacher_1974_small_is_beautiful,1970s,https://openalex.org/W2403518976,https://doi.org/10.1007/bf02073956,1978,article,fr,False,,Health Professions,Sozial- und Präventivmedizin,A quoi sert le médecin du travail?,no,no OA URL and not attempted — library physical/digital lookup required
schumacher_1974_small_is_beautiful,1980s,https://openalex.org/W2487535622,https://doi.org/10.1016/b978-0-08-027417-1.50011-x,1981,book-chapter,en,False,,Decision Sciences,Elsevier eBooks,Appendix An Example of an Interdisciplinary Course on Science and Human Needs,no,no OA URL and not attempted — library physical/digital lookup required
schumacher_1974_small_is_beautiful,1980s,https://openalex.org/W2915894472,,1986,dissertation,en,False,,Social Sciences,,Lock Manufacturing in Aligarh,no,no OA URL and not attempted — library physical/digital lookup required
schumacher_1974_small_is_beautiful,1980s,https://openalex.org/W3140461530,,1986,article,en,False,,Engineering,,AI in architectural CAD,no,no OA URL and not attempted — library physical/digital lookup required
schumacher_1974_small_is_beautiful,1980s,https://openalex.org/W598111366,https://doi.org/10.22004/ag.econ.311482,1981,article,en,True,http://ageconsearch.umn.edu/record/311482,Engineering,"AgEcon Search (University of Minnesota, USA)","Urban transit: Myths of the present, realities of the future and the role of technology",yes,had OA URL but extraction yielded 0 — likely PDF parsing limitation; library physical/digital lookup recommended
